,active_from,active_to,birth_year,birth_date,Height_in_feet,college,height,player_name,position,weight,NBA__3ptapg,NBA__3ptpct,NBA__3ptpg,NBA_efgpct,NBA_fg%,NBA_fg_per_game,NBA_fga_per_game,NBA_ft%,NBA_ft_per_g,NBA_fta_p_g,NBA_g_played,NBA_ppg,NCAA__3ptapg,NCAA__3ptpct,NCAA__3ptpg,NCAA_fgapg,NCAA_fgpct,NCAA_fgpg,NCAA_ft,NCAA_ftapg,NCAA_ftpg,NCAA_games,NCAA_ppg,Years_played,Draft_age,WinShare/48,WingSpan,Standing_vert,Max_vertical,Agility,Sprint,Draft_Pick
1454,2015,2018,1995,9/16/1995,6.9,University of Arizona,6.9.2020,Aaron Gordon,F,220,3,0.308,0.9,0.5,0.451,4.3,9.6,0.699,1.9,2.7,261,11.4,1.2,0.356,0.4,10.1,0.495,5,0.422,4.7,2,38,12.4,3,20,0.06,83.75,105,144,10.81,3.27,4
1670,2016,2018,1994,10/28/1994,6.6,University of Kentucky,6.6.2020,Aaron Harrison,G,210,1.4,0.217,0.3,0.324,0.257,0.6,2.2,0.6,0.4,0.7,34,1.9,4.6,0.335,1.5,9.9,0.41,4.1,0.787,3.5,2.8,79,12.4,2,22,#N/A,80.25,100.5,135,0,3.27,0
3994,2014,2014,1993,3/25/1993,6.7,"University of North Carolina, University of Memphis",6.7.2020,Adonis Thomas,F,200,0.8,0.2,0.2,0.464,0.429,1,2.3,1,0.2,0.2,6,2.3,2.3,0.325,0.7,9.5,0.426,4.1,0.745,2.5,1.9,55,10.7,0,21,-0.031,85,99,139.5,11.66,3.32,0
3159,2015,2018,1991,2/19/1991,6.1,Michigan State University,6.10.2020,Adreian Payne,F-C,237,0.6,0.254,0.1,0.423,0.406,1.6,4,0.68,0.6,0.9,107,4,1.1,0.409,0.4,6.2,0.526,3.2,0.755,2.7,2,138,8.9,3,24,-0.033,88,109,0,0,0,15
4378,2016,2018,1993,1/28/1993,6.8,"University of California, Santa Barbara",6.8.2020,Alan Williams,F-C,260,0,0,0,0.502,0.502,2.5,5,0.63,1.4,2.2,62,6.4,0,0,0,11.6,0.492,5.7,0.706,5.8,4.1,112,15.5,2,23,#N/A,85.75,106.5,135,12.07,3.5,0
556,2012,2018,1991,7/20/1991,6.6,University of Colorado,6.6.2020,Alec Burks,G,214,1.8,0.354,0.6,0.466,0.426,3.4,7.9,0.765,2.3,3.1,364,9.7,2.2,0.313,0.7,12.6,0.495,6.2,0.804,7.3,5.9,68,19,6,21,0.076,82,103.5,139.5,10.96,3.17,12
2227,2015,2015,1991,11/14/1991,7.1,University of New Mexico,7.1.2000,Alex Kirk,C,245,0,,0,0.25,0.25,0.2,0.8,1,0.4,0.4,5,0.8,1.4,0.252,0.3,7.8,0.488,3.8,0.684,2.9,2,101,10,0,24,0.061,87.5,109.5,141,11.2,3.48,0
2387,2014,2018,1993,6/16/1993,7.1,University of Maryland,7.1.2020,Alex Len,C,260,0.1,0.24,0,0.485,0.484,2.7,5.6,0.708,1.7,2.4,334,7.2,0.2,0.111,0,7,0.538,3.8,0.663,3.3,2.2,60,9.7,4,21,0.024,#N/A,#N/A,#N/A,#N/A,#N/A,#N/A
3868,2016,2016,1987,8/7/1987,6.1,"University of North Carolina, University of Southern California",6.10.2020,Alex Stepheson,F,270,0,,0,0.333,0.333,1.1,3.4,0.333,0.5,1.5,8,2.8,0,,0,4.7,0.52,2.4,0.497,2.1,1,137,5.9,0,29,#N/A,#N/A,#N/A,#N/A,#N/A,#N/A,#N/A
3689,2013,2015,1988,12/16/1988,6.6,,6.6.2020,Alexey Shved,G,190,2.9,0.306,0.9,0.436,0.369,2.4,6.6,0.762,1.6,2.1,182,7.4,,,,,,,,,,,,2,25,0.02,#N/A,#N/A,#N/A,#N/A,#N/A,#N/A
821,2014,2018,1992,4/9/1992,6.6,University of California,6.6.2020,Allen Crabbe,G-F,210,4,0.393,1.6,0.539,0.437,3.4,7.7,0.846,1.1,1.3,299,9.4,5.6,0.382,2.1,12.2,0.446,5.4,0.819,3.3,2.7,98,15.7,4,22,0.037,83.25,103.5,139.5,10.67,3.32,31
942,2015,2015,1991,9/19/1991,6.5,Duke University,6.5.2020,Andre Dawkins,G,215,1.5,0.167,0.3,0.25,0.167,0.3,1.5,,0,0,4,0.8,4,0.407,1.6,5.4,0.433,2.3,0.769,1.1,0.9,142,7.1,0,24,-0.172,#N/A,#N/A,#N/A,#N/A,#N/A,#N/A
1064,2013,2018,1993,8/10/1993,6.11,University of Connecticut,6.11.2020,Andre Drummond,C,279,0.1,0.167,0,0.545,0.545,5.8,10.6,0.421,2,4.7,463,13.6,0.1,0,0,8.6,0.538,4.6,0.295,2.6,0.8,34,10,5,20,0.172,90.25,109.5,143,10.83,3.39,9
3427,2014,2018,1991,12/4/1991,6.7,University of Colorado,6.7.2020,Andre Roberson,G-F,210,1.4,0.257,0.4,0.528,0.482,1.9,4,0.467,0.4,0.9,295,4.6,1.4,0.35,0.5,7.1,0.516,3.6,0.582,3.2,1.9,105,9.6,4,23,0.099,83,104.5,141,11.36,3.34,26
1462,2012,2016,1988,12/7/1988,6.3,College of Charleston,6.3.2020,Andrew Goudelock,G,200,1.7,0.345,0.6,0.467,0.393,1.6,4,0.875,0.3,0.3,49,4,6.8,0.413,2.8,14.9,0.457,6.8,0.838,2.2,1.9,140,18.4,4,24,0.011,76.25,96.5,133.5,10.33,3.1,46
2974,2013,2017,1989,12/8/1989,6.9,St. Bonaventure University,6.9.2020,Andrew Nicholson,F,250,1,0.321,0.3,0.495,0.467,2.5,5.3,0.773,0.7,0.9,285,6,0.6,0.377,0.2,11.4,0.575,6.6,0.72,5.1,3.7,123,17.1,4,24,0.065,88,107,137.5,11.89,3.67,19
4354,2015,2018,1995,2/23/1995,6.8,University of Kansas,6.8.2020,Andrew Wiggins,F-G,199,2.9,0.329,0.9,0.476,0.447,7.3,16.2,0.741,4.3,5.8,325,19.8,3.6,0.341,1.2,12.1,0.448,5.4,0.775,6.5,5,35,17.1,3,20,0.034,#N/A,#N/A,#N/A,#N/A,#N/A,#N/A
289,2014,2017,1993,3/14/1993,6.8,"University of Nevada, Las Vegas",6.8.2020,Anthony Bennett,F,245,0.9,0.261,0.2,0.42,0.392,1.7,4.2,0.67,0.8,1.2,151,4.4,2.7,0.375,1,10.8,0.533,5.8,0.701,5.1,3.5,35,16.1,3,21,-0.028,#N/A,#N/A,#N/A,#N/A,#N/A,#N/A
482,2016,2018,1992,10/10/1992,6.7,Stanford University,6.7.2020,Anthony Brown,F-G,210,2.4,0.286,0.7,0.407,0.328,1.4,4.3,0.85,0.4,0.5,41,3.9,3.8,0.403,1.5,8.4,0.428,3.6,0.751,2.8,2.1,144,10.8,2,24,0.603,83.25,104.5,139,11.06,3.18,34
902,2013,2018,1993,3/11/1993,6.1,University of Kentucky,6.10.2020,Anthony Davis,F-C,253,1.1,0.31,0.3,0.527,0.518,8.8,17.1,0.797,5.4,6.8,408,23.4,0.5,0.15,0.1,8.4,0.623,5.3,0.709,5.1,3.6,40,14.2,5,20,0.159,89.5,108,0,0,0,1
1452,2014,2017,1994,8/17/1994,6.5,University of Kentucky,6.5.2020,Archie Goodwin,G,200,1.2,0.236,0.3,0.455,0.429,2.2,5.2,0.7,1.6,2.3,165,6.3,1.9,0.266,0.5,10.8,0.44,4.8,0.637,6.4,4.1,33,14.1,3,20,0.018,81.5,102,138,10.75,3.27,29
3068,2014,2017,1987,7/13/1987,6.9,Syracuse University,6.9.2020,Arinze Onuaku,C,255,0,,0,0.652,0.652,0.8,1.2,0.4,0.2,0.5,19,1.8,0,,0,6.2,0.648,4,0.395,2.9,1.1,134,9.2,3,27,-0.016,#N/A,#N/A,#N/A,#N/A,#N/A,#N/A
2871,2013,2014,1990,11/18/1990,6.11,"University of Texas at El Paso, Mississippi State University",6.11.2020,Arnett Moultrie,F,249,0,,0,0.547,0.547,1.6,2.9,0.667,0.4,0.6,59,3.6,1,0.289,0.3,8.6,0.511,4.4,0.676,3.4,2.3,100,11.4,1,23,0.149,86.25,106.5,144,11.32,3.22,27
248,2013,2018,1986,12/9/1986,6.1,Washington State University,6.10.2020,Aron Baynes,C,260,0.1,0.12,0,0.504,0.503,2.2,4.3,0.801,1,1.3,374,5.3,0,0.333,0,5.9,0.546,3.2,0.698,3.2,2.3,122,8.7,5,27,0.05,#N/A,#N/A,#N/A,#N/A,#N/A,#N/A
3422,2013,2018,1992,8/1/1992,6.4,Duke University,6.4.2020,Austin Rivers,G,200,2.8,0.356,1,0.481,0.42,3.5,8.4,0.65,1.4,2.1,407,9.4,4.7,0.365,1.7,11.8,0.433,5.1,0.658,5.4,3.6,34,15.5,5,21,-0.038,79.25,96.5,134,11.54,3.32,10
4072,2016,2017,1992,7/23/1992,6.7,,6.7.2020,Axel Toupane,G-F,197,1.8,0.318,0.6,0.468,0.38,1.2,3.2,0.765,0.5,0.7,25,3.5,,,,,,,,,,,,1,24,#N/A,#N/A,#N/A,#N/A,#N/A,#N/A,#N/A
1619,2013,2013,1987,12/23/1987,6.3,"Mississippi State University, University of Notre Dame",6.3.2020,Ben Hansbrough,G,203,0.8,0.261,0.2,0.4,0.333,0.5,1.6,0.778,0.8,1,28,2,4.8,0.405,2,8.2,0.451,3.7,0.782,3.4,2.7,134,12,0,26,0.044,#N/A,#N/A,#N/A,#N/A,#N/A,#N/A
2691,2014,2018,1993,2/11/1993,6.5,University of Kansas,6.5.2020,Ben McLemore,G,195,3.4,0.352,1.2,0.493,0.416,3.3,7.9,0.783,1.3,1.6,347,9,4.7,0.42,2,10.8,0.495,5.4,0.87,3.7,3.2,37,15.9,4,21,0.016,79.75,100.5,142.5,11.87,3.27,7
1955,2013,2015,1985,2/7/1985,6.1,Florida State University,6.10.2020,Bernard James,C,240,0,0,0,0.497,0.497,0.8,1.7,0.68,0.6,0.8,92,2.2,0,,0,6.3,0.627,4,0.528,3.4,1.8,69,9.7,2,28,0.125,87,108.5,141,11.84,3.4,33
329,2012,2018,1992,8/28/1992,6.9,,6.9.2020,Bismack Biyombo,C-F,255,0,0,0,0.511,0.511,1.9,3.6,0.566,1.2,2.2,527,5,,,,,,,,,,,,6,20,0.019,#N/A,#N/A,#N/A,#N/A,#N/A,#N/A
2548,2016,2018,1988,8/15/1988,7.3,,7.3.2020,Boban Marjanovic,C,290,0,,0,0.56,0.56,2,3.5,0.793,1.6,2.1,126,5.5,,,,,,,,,,,,2,28,0.185,#N/A,#N/A,#N/A,#N/A,#N/A,#N/A
3258,2016,2018,1995,2/10/1995,6.11,University of Arkansas,6.11.2020,Bobby Portis,F,230,1.9,0.347,0.6,0.502,0.462,3.8,8.1,0.742,1.1,1.4,197,9.2,0.9,0.365,0.3,11.2,0.526,5.9,0.737,3.9,2.9,70,15,2,21,0.097,86,108.5,140,11.71,3.56,22
364,2015,2018,1989,4/18/1989,6.8,,6.8.2020,Bojan Bogdanovic,G-F,216,4.3,0.378,1.6,0.538,0.452,4.3,9.5,0.863,1.9,2.2,318,12.1,,,,,,,,,,,,3,26,0.062,#N/A,#N/A,#N/A,#N/A,#N/A,#N/A
252,2013,2018,1993,6/28/1993,6.5,University of Florida,6.5.2020,Bradley Beal,G,207,5.4,0.394,2.1,0.515,0.446,6.9,15.5,0.796,2.7,3.4,404,18.7,5,0.339,1.7,10.6,0.445,4.7,0.769,4.7,3.6,37,14.8,5,20,0.082,80,100,139,10.95,3.28,3
946,2016,2016,1993,2/1/1993,6.6,Michigan State University,6.6.2020,Branden Dawson,F,225,0,,0,0.4,0.4,0.3,0.8,1,0.2,0.2,6,0.8,0.1,0,0,7.8,0.559,4.4,0.558,2.4,1.4,130,10.1,0,23,#N/A,83,105,139.5,12.37,3.2,56
901,2014,2015,1991,7/25/1991,6.1,Brigham Young University,6.10.2020,Brandon Davies,F,240,0.6,0.227,0.1,0.43,0.411,1.4,3.4,0.644,0.7,1.2,78,3.7,0.1,0.333,0,8.6,0.522,4.5,0.66,5.1,3.4,135,12.4,1,23,0.008,85.5,108.5,140,11.22,3.5,0
2245,2012,2017,1991,12/2/1991,6.3,University of Kentucky,6.3.2020,Brandon Knight,G,189,4.6,0.357,1.6,0.476,0.415,5.5,13.2,0.812,2.6,3.3,382,15.2,6.1,0.377,2.3,13.5,0.423,5.7,0.795,4.5,3.6,38,17.3,5,21,0.029,78.75,98.5,136,10.74,3.07,8
3433,2013,2017,1985,12/3/1985,6.1,University of Dayton,6.1.2020,Brian Roberts,G,173,1.9,0.356,0.7,0.471,0.411,2.4,5.8,0.908,1.1,1.2,314,6.6,5.3,0.441,2.3,11.5,0.452,5.2,0.849,3.4,2.9,125,15.7,4,28,0.078,#N/A,#N/A,#N/A,#N/A,#N/A,#N/A
4283,2016,2018,1992,12/29/1992,6.2,Virginia Commonwealth University,6.2.2020,Briante Weber,G,165,0.6,0.192,0.1,0.426,0.408,1.3,3.2,0.733,0.5,0.7,45,3.2,1.1,0.274,0.3,5.5,0.426,2.3,0.769,2.4,1.8,127,6.8,2,24,#N/A,#N/A,#N/A,#N/A,#N/A,#N/A,#N/A
592,2015,2018,1995,9/21/1995,6.9,,6.9.2020,Bruno Caboclo,F,218,1,0.242,0.2,0.343,0.286,0.6,2.1,0.833,0.1,0.2,34,1.6,,,,,,,,,,,,3,20,-0.275,#N/A,#N/A,#N/A,#N/A,#N/A,#N/A
806,2015,2016,1992,8/11/1992,6.1,Providence College,6.1.2020,Bryce Cotton,G,165,1,0.304,0.3,0.462,0.418,1.4,3.4,0.833,0.7,0.8,23,3.8,5.7,0.361,2,11.2,0.421,4.7,0.838,4.5,3.7,130,15.2,1,23,0.067,#N/A,#N/A,#N/A,#N/A,#N/A,#N/A
963,2016,2016,1992,8/21/1992,6.6,"University of Southern California, University of Nevada, Las Vegas, Iowa State University",6.6.2020,Bryce Dejean-Jones,G,209,2.3,0.375,0.9,0.493,0.406,2,4.9,0.524,0.8,1.5,14,5.6,3.1,0.336,1,8.8,0.429,3.8,0.684,3.3,2.3,117,10.8,0,24,#N/A,#N/A,#N/A,#N/A,#N/A,#N/A,#N/A
2631,2014,2018,1991,9/19/1991,6.3,Lehigh University,6.3.2020,C.J. McCollum,G,190,4.7,0.408,1.9,0.521,0.455,6.5,14.4,0.842,2.2,2.6,339,17.2,5.2,0.377,2,15.7,0.439,6.9,0.825,6.7,5.5,111,21.3,4,23,0.019,78.25,96.5,135,11.02,3.32,10
4357,2015,2017,1990,12/30/1990,6.5,University of Washington,6.5.2020,C.J. Wilcox,G,195,0.9,0.333,0.3,0.441,0.37,0.8,2,0.813,0.2,0.2,66,2,5.9,0.389,2.3,11.3,0.433,4.9,0.84,2.7,2.3,131,14.4,2,25,-0.024,81.75,100.5,138,11.3,3.22,28
172,2015,2016,1990,12/7/1990,6.9,University of New Mexico,6.9.2020,Cameron Bairstow,F-C,250,0.1,0.2,0,0.306,0.296,0.4,1.5,0.846,0.3,0.4,36,1.2,0,0.333,0,6,0.517,3.1,0.717,4.2,3,134,9.2,1,25,-0.048,84.75,107,140.5,11.39,3.37,49
3160,2016,2018,1994,8/8/1994,6.3,Murray State University,6.3.2020,Cameron Payne,G,185,2.5,0.332,0.8,0.455,0.385,2.3,6,0.75,0.3,0.4,111,5.8,6.3,0.359,2.3,14.6,0.432,6.3,0.781,4.7,3.7,69,18.5,2,22,0.152,79.25,97.5,133,10.89,3.28,14
2005,2012,2012,1983,1/28/1983,5.1,University of Alabama at Birmingham,5.10.2020,Carldell Johnson,G,180,1,0.267,0.3,0.371,0.314,0.7,2.3,0.333,0.1,0.2,15,1.8,2.4,0.401,0.9,4.8,0.405,2,0.716,1.1,0.8,96,5.7,0,29,-0.003,#N/A,#N/A,#N/A,#N/A,#N/A,#N/A
1222,2014,2014,1990,8/17/1990,6.6,Arizona State University,6.6.2020,Carrick Felix,G,201,0.7,0.4,0.3,0.571,0.5,1,2,0.75,0.4,0.6,7,2.7,3.2,0.326,1.1,8,0.456,3.6,0.704,2.6,1.9,94,10.2,0,24,0.057,81.25,103.5,142,11.16,3.25,33
4239,2014,2014,1990,1/17/1990,5.1,"California State University, Long Beach",5.10.2020,Casper Ware,G,175,2.3,0.333,0.8,0.512,0.429,2,4.7,0.833,0.6,0.7,9,5.3,4.7,0.349,1.6,11.1,0.402,4.5,0.784,4.4,3.5,131,14.1,0,24,0.071,#N/A,#N/A,#N/A,#N/A,#N/A,#N/A
3134,2012,2018,1988,10/25/1988,6.1,University of Florida,6.10.2020,Chandler Parsons,F,230,4.2,0.377,1.6,0.54,0.466,5,10.8,0.708,1.5,2.1,410,13.1,3.2,0.337,1.1,7.8,0.477,3.7,0.611,2.8,1.7,142,10.2,6,24,0.09,81.5,104.5,136,11.05,3.29,38
1983,2012,2013,1989,2/28/1989,6.3,Hofstra University,6.3.2020,Charles Jenkins,G,220,0.2,0.182,0,0.439,0.434,1.6,3.7,0.754,0.4,0.6,110,3.7,3.7,0.382,1.4,14.5,0.456,6.6,0.811,6.2,5,128,19.6,1,23,0.028,79.5,96.5,130.5,11.68,3.18,44
158,2014,2014,1990,2/14/1990,6.5,"Pennsylvania State University, Iowa State University",6.5.2020,Chris Babb,G,225,1.9,0.222,0.4,0.367,0.267,0.6,2.1,,0,0,14,1.6,4.7,0.359,1.7,6.2,0.377,2.3,0.733,1.2,0.9,130,7.2,0,24,-0.008,#N/A,#N/A,#N/A,#N/A,#N/A,#N/A
796,2013,2016,1984,3/17/1984,6.9,University of Colorado,6.9.2020,Chris Copeland,F,239,2.5,0.365,0.9,0.516,0.427,2.1,5,0.752,0.7,0.9,171,5.8,2.9,0.361,1,5.9,0.431,2.5,0.701,2,1.4,113,7.5,3,29,0.117,#N/A,#N/A,#N/A,#N/A,#N/A,#N/A
2009,2013,2016,1990,4/29/1990,6.6,University of Dayton,6.6.2020,Chris Johnson,F-G,206,2.3,0.307,0.7,0.48,0.392,1.6,4,0.835,0.6,0.7,147,4.4,4.6,0.371,1.7,7.9,0.427,3.4,0.826,2.6,2.1,138,10.6,3,23,0.069,#N/A,#N/A,#N/A,#N/A,#N/A,#N/A
2643,2016,2018,1995,2/5/1995,6.11,Syracuse University,6.11.2020,Chris McCullough,F,200,0.8,0.306,0.3,0.467,0.426,1.3,3.1,0.548,0.4,0.7,59,3.3,0.1,1,0.1,7.1,0.478,3.4,0.563,4.4,2.5,16,9.3,2,21,#N/A,87.25,109,0,0,0,29
3725,2012,2014,1989,11/21/1989,6.8,Florida State University,6.8.2020,Chris Singleton,F,230,1.2,0.319,0.4,0.423,0.376,1.6,4.2,0.633,0.6,0.9,148,4.1,3.3,0.33,1.1,8.4,0.419,3.5,0.592,3.5,2.1,95,10.3,2,23,0.052,85,103.5,141,11.33,3.09,18
3758,2014,2014,1987,10/13/1987,6.2,"Manhattan College, University of Louisville",6.2.2020,Chris Smith,G,200,0,,0,,,0,0,,0,0,2,0,3.7,0.352,1.3,8.9,0.403,3.6,0.703,2.9,2,125,10.5,0,27,0.042,#N/A,#N/A,#N/A,#N/A,#N/A,#N/A
4521,2012,2014,1988,9/30/1988,6.8,University of Dayton,6.8.2020,Chris Wright,F,226,0,0,0,0.55,0.55,1.4,2.5,0.652,0.9,1.4,32,3.7,0.9,0.229,0.2,9.8,0.489,4.8,0.662,4.8,3.2,123,13,2,24,0.163,#N/A,#N/A,#N/A,#N/A,#N/A,#N/A
4522,2013,2013,1989,11/4/1989,6.1,Georgetown University,6.1.2020,Chris Wright,G,210,0,,0,0.5,0.5,0.3,0.7,,0,0,3,0.7,3.4,0.34,1.2,9.4,0.459,4.3,0.748,3.6,2.7,110,12.4,0,24,0.163,#N/A,#N/A,#N/A,#N/A,#N/A,#N/A
4499,2016,2017,1995,9/27/1995,6.11,"University of Nevada, Las Vegas",6.11.2020,Christian Wood,F,220,0.5,0.25,0.1,0.474,0.447,1.1,2.5,0.667,0.8,1.2,30,3.2,2.2,0.261,0.6,7.8,0.477,3.7,0.747,3.1,2.3,63,10.4,1,21,0.052,87.25,111.5,0,0,0,0
1103,2015,2016,1991,4/17/1991,6.8,Wichita State University,6.8.2020,Cleanthony Early,F,210,1.8,0.263,0.5,0.398,0.346,1.6,4.5,0.75,0.7,0.9,56,4.3,4.3,0.348,1.5,10.5,0.47,4.9,0.819,4.6,3.7,75,15.1,1,24,-0.03,82.75,101.5,141.5,11.15,3.18,34
42,2016,2016,1995,11/16/1995,6.8,University of Kansas,6.8.2020,Cliff Alexander,F,245,0,,0,0.5,0.5,0.6,1.3,,0,0,8,1.3,0,,0,4.6,0.566,2.6,0.671,2.8,1.9,28,7.1,0,21,#N/A,87.5,109.5,0,0,0,0
615,2015,2018,1994,5/18/1994,6.1,,6.10.2020,Clint Capela,C,240,0,0,0,0.63,0.63,4.6,7.3,0.482,1.4,2.9,227,10.6,,,,,,,,,,,,3,21,0.019,#N/A,#N/A,#N/A,#N/A,#N/A,#N/A
4558,2014,2018,1992,10/5/1992,7.1,Indiana University,7.1.2000,Cody Zeller,C-F,240,0.1,0.25,0,0.505,0.504,2.9,5.8,0.732,2.1,2.8,312,7.9,0,0,0,9.4,0.592,5.5,0.756,6.6,5,72,16.1,4,22,0.09,82.75,106,143.5,10.82,3.15,4
1765,2012,2013,1989,6/14/1989,6.5,University of Colorado,6.5.2020,Cory Higgins,G,180,0.6,0.2,0.1,0.338,0.324,1.3,4.1,0.694,1,1.4,44,3.7,2.7,0.347,0.9,10.6,0.467,4.9,0.825,5.2,4.3,132,15.2,1,23,-0.15,#N/A,#N/A,#N/A,#N/A,#N/A,#N/A
1979,2015,2016,1990,12/26/1990,6.9,Baylor University,6.9.2020,Cory Jefferson,F,218,0.3,0.125,0,0.45,0.444,1.4,3.3,0.583,0.6,1,58,3.5,0.4,0.34,0.1,6.1,0.543,3.3,0.66,3.3,2.2,130,8.9,1,25,0.071,84.5,105,142.5,12.63,3.36,60
2134,2012,2018,1991,8/20/1991,6.3,University of Texas at Austin,6.3.2020,Cory Joseph,G,193,1.2,0.332,0.4,0.484,0.451,2.7,6.1,0.765,1.1,1.5,445,7,3.5,0.413,1.4,8.9,0.422,3.8,0.699,2,1.4,36,10.4,6,21,0.001,77.5,99,134,10.75,3.27,29
715,2016,2016,1992,7/4/1992,6.7,University of Arkansas,6.7.2020,Coty Clarke,F,232,0.7,1,0.7,0.75,0.5,0.7,1.3,,0,0,3,2,1.2,0.442,0.5,5.9,0.469,2.8,0.777,3.2,2.5,65,8.6,0,24,#N/A,#N/A,#N/A,#N/A,#N/A,#N/A,#N/A
1286,2012,2012,1988,5/23/1988,5.11,University of Arkansas,5.11.2020,Courtney Fortson,G,185,1.3,0.231,0.3,0.391,0.344,1.1,3.2,0.667,1,1.5,10,3.5,3.8,0.311,1.2,13.4,0.397,5.3,0.677,6.1,4.1,47,16,0,24,-0.065,#N/A,#N/A,#N/A,#N/A,#N/A,#N/A
1221,2016,2018,1992,7/7/1992,6.1,,6.10.2020,Cristiano Felicio,F-C,275,0,0,0,0.58,0.58,1.9,3.3,0.665,0.9,1.4,150,4.7,,,,,,,,,,,,2,24,0.455,#N/A,#N/A,#N/A,#N/A,#N/A,#N/A
2179,2012,2012,1989,11/5/1989,6.6,St. John's University,6.6.2020,D.J. Kennedy,F,215,2,0.5,1,0.5,0.417,2.5,6,0,0,1,2,6,2.6,0.358,0.9,8.4,0.436,3.7,0.746,4.5,3.3,129,11.7,0,23,-0.023,#N/A,#N/A,#N/A,#N/A,#N/A,#N/A
3863,2014,2014,1990,12/19/1990,6.5,University of Memphis,6.5.2020,D.J. Stephens,G-F,188,0,,0,0.429,0.429,1,2.3,1,0.3,0.3,3,2.3,0.4,0.37,0.1,2.6,0.627,1.6,0.633,1,0.6,129,4,0,24,0.067,#N/A,#N/A,#N/A,#N/A,#N/A,#N/A
2420,2013,2018,1990,7/15/1990,6.3,Weber State University,6.3.2020,Damian Lillard,G,195,7.3,0.369,2.7,0.508,0.432,7.7,17.7,0.885,5.1,5.7,467,23.1,6.1,0.39,2.4,12.6,0.446,5.6,0.867,5.8,5,104,18.6,5,23,0.088,79.75,95.5,135,11.15,3.34,6
1903,2016,2016,1995,5/20/1995,6.8,,6.8.2020,Damien Inglis,F,246,0.7,0.231,0.2,0.392,0.351,0.7,1.9,0.875,0.4,0.4,20,1.8,,,,,,,,,,,,0,21,-0.014,#N/A,#N/A,#N/A,#N/A,#N/A,#N/A
3523,2015,2017,1986,6/17/1986,6.1,,6.10.2020,Damjan Rudez,F,228,1.9,0.373,0.7,0.552,0.424,1.2,2.8,0.774,0.2,0.2,146,3.3,,,,,,,,,,,,2,29,0.061,#N/A,#N/A,#N/A,#N/A,#N/A,#N/A
3539,2016,2018,1996,2/23/1996,6.5,Ohio State University,6.5.2020,D'Angelo Russell,G,195,5.4,0.346,1.9,0.48,0.409,5.3,13,0.754,2,2.7,189,14.5,6.6,0.411,2.7,14.7,0.449,6.6,0.756,4.5,3.4,35,19.3,2,20,-0.007,81.75,102,0,0,0,2
3074,2012,2014,1990,8/6/1990,6.1,University of Kentucky,6.10.2020,Daniel Orton,C-F,255,0,0,0,0.485,0.485,1,2,0.597,0.8,1.4,51,2.8,0.1,0,0,2.4,0.527,1.3,0.524,1.7,0.9,38,3.4,2,22,0.129,88.25,110.5,141,12.32,3.39,29
1195,2015,2018,1995,7/13/1995,6.6,,6.6.2020,Dante Exum,G,190,2.7,0.308,0.8,0.474,0.396,2.1,5.3,0.754,0.6,0.8,160,5.7,,,,,,,,,,,,3,20,-0.003,81.5,103,137.5,10.75,3.19,5
1793,2012,2012,1987,9/29/1987,6.7,University of New Mexico,6.7.2020,Darington Hobson,G,210,1.2,0,0,0.154,0.154,0.4,2.6,,0,0,5,0.8,3.1,0.361,1.1,12.5,0.44,5.5,0.653,5.7,3.7,35,15.9,0,25,-0.225,81.25,104.5,138.5,11.68,3.25,37
2062,2013,2014,1989,9/28/1989,6.2,Marquette University,6.2.2020,Darius Johnson-Odom,G,215,0.6,0,0,0,0,0,1.6,0,0,0.3,7,0,5.2,0.403,2.1,12,0.444,5.3,0.722,4.1,3,105,15.7,1,24,-0.439,79,96,137.5,10.76,3.21,55
2768,2013,2018,1990,3/21/1990,6.8,University of Kentucky,6.8.2020,Darius Miller,F,235,2.7,0.395,1.1,0.562,0.435,1.8,4.2,0.858,0.5,0.6,182,5.2,3,0.379,1.2,6.5,0.448,2.9,0.815,1.5,1.2,152,8.2,5,23,0.034,81,101,138,11.34,3.31,46
2848,2012,2015,1991,1/3/1991,6.4,University of Michigan,6.4.2020,Darius Morris,G,190,1.1,0.322,0.4,0.439,0.384,1.3,3.3,0.63,0.4,0.6,132,3.3,1.5,0.223,0.3,8,0.469,3.8,0.695,2.9,2,67,9.9,3,21,-0.045,79.5,102,134,11,3.2,41
1785,2016,2018,1993,4/13/1993,6.6,Villanova University,6.6.2020,Darrun Hilliard,G,205,1.1,0.304,0.3,0.433,0.377,1.1,3,0.747,0.6,0.8,91,3.2,4.3,0.367,1.6,8.5,0.436,3.7,0.748,3.2,2.4,132,11.4,2,23,#N/A,#N/A,#N/A,#N/A,#N/A,#N/A,#N/A
3884,2015,2018,1991,6/24/1991,5.11,Gonzaga University,5.11.2020,David Stockton,G,165,0.8,0.6,0.5,0.611,0.444,0.7,1.5,0.7,1.2,1.7,6,3,1.7,0.306,0.5,3.8,0.424,1.6,0.7,1.5,1.1,138,4.8,3,24,-0.014,#N/A,#N/A,#N/A,#N/A,#N/A,#N/A
4273,2015,2015,1990,9/21/1990,6.1,"University of North Carolina, University of California, Los Angeles",6.10.2020,David Wear,F,230,0.5,0,0,0,0,0,1,,0,0,2,0,1.1,0.423,0.5,5.8,0.473,2.7,0.736,1.3,0.9,130,6.8,0,25,-0.11,#N/A,#N/A,#N/A,#N/A,#N/A,#N/A
2417,2012,2018,1988,3/31/1988,6.6,University of Kentucky,6.6.2020,DeAndre Liggins,G,209,0.7,0.352,0.2,0.472,0.404,0.7,1.8,0.549,0.3,0.5,175,2,1.9,0.332,0.6,4.8,0.407,1.9,0.643,2,1.3,100,5.8,6,24,0,83,103.5,134.5,0,3.33,53
4523,2016,2018,1992,4/26/1992,6.5,University of Utah,6.5.2020,Delon Wright,G,183,1.6,0.366,0.6,0.514,0.457,2.3,5.1,0.795,1.3,1.7,121,6.6,1.9,0.299,0.6,9.3,0.535,5,0.814,5.5,4.5,68,15,2,24,-0.644,79.5,101.5,132.5,11.21,3.29,20
1839,2012,2012,1988,2/5/1988,6.9,North Carolina State University,6.9.2020,Dennis Horner,F,230,0.1,0,0,0.25,0.25,0.1,0.5,0.75,0.4,0.5,8,0.6,1.9,0.358,0.7,4.9,0.468,2.3,0.781,2,1.5,128,6.8,0,24,-0.012,#N/A,#N/A,#N/A,#N/A,#N/A,#N/A
3611,2014,2018,1993,9/15/1993,6.1,,6.1.2020,Dennis Schroder,G,172,2.8,0.32,0.9,0.473,0.434,4.9,11.3,0.827,2.2,2.6,352,12.9,,,,,,,,,,,,4,21,-0.054,#N/A,#N/A,#N/A,#N/A,#N/A,#N/A
2082,2013,2013,1990,6/20/1990,6.8,University of Miami,6.8.2020,DeQuan Jones,F,221,0.6,0.257,0.1,0.456,0.436,1.5,3.5,0.667,0.5,0.8,63,3.7,0.5,0.169,0.1,4.1,0.44,1.8,0.632,1.4,0.9,111,4.6,0,23,0.007,#N/A,#N/A,#N/A,#N/A,#N/A,#N/A
583,2012,2012,1984,4/25/1984,6.7,"University of Virginia, Vanderbilt University",6.7.2020,Derrick Byars,F,220,3,0,0,0.273,0.273,1.5,5.5,1,2,2,2,5,4,0.397,1.6,8.5,0.463,3.9,0.698,2.2,1.5,126,11,0,28,0.147,#N/A,#N/A,#N/A,#N/A,#N/A,#N/A
4392,2012,2018,1991,5/25/1991,6.8,University of Arizona,6.8.2020,Derrick Williams,F,240,2,0.3,0.6,0.475,0.434,3.1,7.2,0.71,2.1,3,428,8.9,1.3,0.511,0.7,9.6,0.586,5.6,0.719,8.2,5.9,69,17.8,6,21,0.059,85.5,108,142.5,11.03,3.23,2
380,2016,2018,1996,10/30/1996,6.6,University of Kentucky,6.6.2020,Devin Booker,G,206,5.2,0.365,1.9,0.485,0.426,6.9,16.1,0.849,4.2,4.9,208,19.8,3.7,0.411,1.5,7.6,0.47,3.6,0.828,1.7,1.4,38,10,2,20,0.127,80.25,102.5,137,10.22,3.28,13
2541,2015,2016,1992,9/21/1992,6.6,University of Iowa,6.6.2020,Devyn Marble,G-F,200,1.2,0.222,0.3,0.357,0.304,0.8,2.6,0.375,0.3,0.9,44,2.2,2.9,0.338,1,10,0.415,4.1,0.726,4.4,3.2,136,12.5,1,23,-0.031,81,102,137,11.32,3.28,56
958,2014,2018,1989,8/12/1989,7.1,University of Southern California,7.1.2000,Dewayne Dedmon,C,245,0.5,0.355,0.2,0.574,0.552,2.2,4,0.692,0.8,1.2,285,5.5,0.1,0,0,5.8,0.52,3,0.614,1.7,1.1,51,7.1,4,25,0.096,88,109,141.5,12.75,3.4,0
1377,2013,2014,1988,11/3/1988,6.4,Iowa State University,6.4.2020,Diante Garrett,G,190,1.2,0.351,0.4,0.435,0.373,1.3,3.5,0.682,0.2,0.2,90,3.2,2.6,0.297,0.8,9.7,0.407,3.9,0.729,2.7,2,128,10.7,1,25,-0.073,#N/A,#N/A,#N/A,#N/A,#N/A,#N/A
4197,2013,2018,1991,12/10/1991,6.4,Syracuse University,6.4.2020,Dion Waiters,G,225,3.6,0.341,1.2,0.462,0.412,5.1,12.4,0.701,1.9,2.7,365,13.3,2.8,0.348,1,7.7,0.453,3.5,0.753,2.3,1.8,71,9.7,5,22,0.026,79.25,98,0,0,0,4
703,2014,2014,1986,9/15/1986,6.5,Temple University,6.5.2020,Dionte Christmas,G,205,1,0.29,0.3,0.427,0.355,0.7,2,0.75,0.6,0.8,31,2.3,6.8,0.36,2.5,11.8,0.426,5,0.778,4.2,3.2,130,15.7,0,28,0.083,81,102.5,136,10.83,3.21,0
3741,2012,2016,1988,1/15/1988,6.3,Texas A&M University,6.3.2020,Donald Sloan,G,205,1.4,0.31,0.4,0.454,0.409,2.1,5,0.754,0.9,1.2,218,5.5,2.5,0.336,0.8,8.8,0.428,3.8,0.732,3.6,2.7,138,11,4,24,-0.02,#N/A,#N/A,#N/A,#N/A,#N/A,#N/A
2868,2013,2017,1990,9/20/1990,7.1,,7.1.2000,Donatas Motiejunas,F-C,222,1.6,0.3,0.5,0.508,0.469,2.9,6.3,0.6,1,1.7,248,7.4,,,,,,,,,,,,4,23,0.061,#N/A,#N/A,#N/A,#N/A,#N/A,#N/A
2317,2013,2014,1991,11/6/1991,6.4,University of Kentucky,6.4.2020,Doron Lamb,G,210,1.3,0.394,0.5,0.458,0.381,1.2,3.2,0.7,0.5,0.7,100,3.5,3.9,0.475,1.8,8.9,0.485,4.3,0.811,3.2,2.6,78,13.1,1,22,0.01,78.75,98.5,132,11.12,3.41,42
2649,2015,2018,1992,1/3/1992,6.8,Creighton University,6.8.2020,Doug McDermott,F,225,2.7,0.403,1.1,0.535,0.452,3,6.7,0.822,0.8,1,264,7.9,4.1,0.458,1.9,14.3,0.55,7.9,0.831,4.9,4.1,145,21.7,3,23,-0.005,81.25,103,139.5,11.1,3.29,11
1507,2013,2018,1990,3/4/1990,6.7,Michigan State University,6.7.2020,Draymond Green,F,230,2.9,0.328,0.9,0.5,0.438,3.4,7.6,0.707,1.7,2.3,466,9.3,1.7,0.361,0.6,8,0.467,3.7,0.687,3.4,2.3,145,10.5,5,23,0.028,85.25,105,138,11.01,3.4,35
1456,2015,2015,1990,7/12/1990,6.9,"University of California, Los Angeles, University of New Mexico",6.9.2020,Drew Gordon,F,245,0.3,0,0,0.421,0.421,0.9,2.1,0.5,0.1,0.2,9,1.9,0,0.5,0,7.4,0.541,4,0.69,2.7,1.9,101,10,0,25,-0.093,83.5,103.5,137.5,11.35,3.49,0
1074,2016,2016,1991,12/4/1991,6.9,University of Wisconsin,6.9.2020,Duje Dukan,F,220,5,0.4,2,0.3,0.2,2,10,,0,0,1,6,1.4,0.328,0.5,2.6,0.427,1.1,0.656,0.7,0.4,97,3.1,0,25,#N/A,#N/A,#N/A,#N/A,#N/A,#N/A,#N/A
582,2014,2018,1989,3/6/1989,6.3,Marquette University,6.3.2020,Dwight Buycks,G,190,1.5,0.37,0.6,0.449,0.402,2.3,5.8,0.883,1.1,1.2,49,6.3,2.2,0.36,0.8,6.4,0.443,2.9,0.687,1.7,1.2,68,7.7,4,25,-0.009,#N/A,#N/A,#N/A,#N/A,#N/A,#N/A
3267,2015,2018,1991,7/20/1991,6.11,Stanford University,6.11.2020,Dwight Powell,F-C,240,0.7,0.293,0.2,0.558,0.535,2.5,4.6,0.737,1.5,2,253,6.6,0.8,0.289,0.2,8.2,0.464,3.8,0.722,4.1,3,136,10.8,3,24,0.121,84.5,105,140,11.28,3.2,45
4122,2012,2012,1986,11/26/1986,6.6,Siena College,6.6.2020,Edwin Ubiles,G,204,1.3,0.2,0.3,0.306,0.278,1.3,4.5,1,0.8,0.8,4,3.5,2.2,0.353,0.8,12.1,0.497,6,0.672,3,2,131,14.8,0,26,-0.026,#N/A,#N/A,#N/A,#N/A,#N/A,#N/A
3953,2016,2017,1992,3/22/1992,7.3,,7.3.2020,Edy Tavares,C,260,0,,0,0.625,0.625,1.2,1.8,0.273,0.2,0.8,13,2.5,,,,,,,,,,,,1,24,#N/A,#N/A,#N/A,#N/A,#N/A,#N/A,#N/A
3163,2015,2018,1994,2/22/1994,6.4,University of Louisiana at Lafayette,6.4.2020,Elfrid Payton,G,185,1.2,0.298,0.4,0.475,0.457,4.6,10.1,0.619,1.6,2.6,300,11.2,1.1,0.268,0.3,10.3,0.485,5,0.611,6.5,3.9,100,14.3,3,21,0.044,80,98.5,134,11.06,3.23,10
1660,2014,2014,1989,7/6/1989,6.8,Gonzaga University,6.8.2020,Elias Harris,F,239,0,,0,0,0,0,0.5,,0,0,2,0,1.6,0.356,0.6,9.5,0.517,4.9,0.723,4.6,3.3,135,13.8,0,25,0.018,#N/A,#N/A,#N/A,#N/A,#N/A,#N/A
2784,2015,2017,1987,8/12/1987,6.6,"University of Louisiana at Lafayette, University of Alabama at Birmingham",6.6.2020,Elijah Millsap,G-F,225,1.5,0.279,0.4,0.379,0.327,1.3,4.1,0.679,1,1.5,69,4.2,2,0.291,0.6,10.6,0.422,4.4,0.629,5.3,3.3,87,12.8,2,28,0.02,#N/A,#N/A,#N/A,#N/A,#N/A,#N/A
4395,2012,2016,1989,6/20/1989,6.5,"Duke University, University of Memphis",6.5.2020,Elliot Williams,G,190,1.6,0.31,0.5,0.48,0.421,1.8,4.2,0.669,0.9,1.3,109,4.9,2.9,0.345,1,7.6,0.454,3.4,0.719,4.4,3.2,68,11.1,4,23,0.105,#N/A,#N/A,#N/A,#N/A,#N/A,#N/A
2876,2016,2018,1996,3/5/1996,6.5,,6.5.2020,Emmanuel Mudiay,G,200,3,0.317,0.9,0.419,0.374,4,10.6,0.731,2,2.7,187,10.8,,,,,,,,,,,,2,20,-0.109,#N/A,#N/A,#N/A,#N/A,#N/A,#N/A
2146,2012,2018,1992,5/20/1992,6.11,,6.11.2020,Enes Kanter,C,245,0.2,0.294,0.1,0.543,0.539,4.8,8.8,0.779,2.1,2.7,516,11.7,,,,,,,,,,,,6,20,0.095,85.5,109.5,142,11.3,3.26,3
947,2012,2012,1984,7/7/1984,6.9,Midwestern State University,6.9.2020,Eric Dawson,F,250,0,,0,0.583,0.583,1.8,3,0.5,0.3,0.5,4,3.8,,,,,,,,,,,,0,28,0.106,#N/A,#N/A,#N/A,#N/A,#N/A,#N/A
2841,2015,2018,1991,12/24/1991,6.1,Oregon State University,6.10.2020,Eric Moreland,F-C,238,0,,0,0.514,0.514,0.8,1.5,0.4,0.2,0.4,76,1.7,0.3,0.333,0.1,5,0.535,2.7,0.531,3.3,1.8,89,7.2,3,24,0.431,#N/A,#N/A,#N/A,#N/A,#N/A,#N/A
1508,2015,2016,1991,5/9/1991,6.4,Virginia Polytechnic Institute and State University,6.4.2020,Erick Green,G,185,1,0.288,0.3,0.42,0.377,1.3,3.4,0.857,0.2,0.3,52,3.1,3.2,0.338,1.1,10.5,0.437,4.6,0.804,4,3.2,129,13.5,1,24,0,77.75,98,0,0,0,46
2893,2014,2014,1990,10/26/1990,6.1,University of Florida,6.10.2020,Erik Murphy,F,230,0.1,0,0,0.231,0.231,0.1,0.5,,0,0,24,0.3,2.4,0.435,1.1,5.7,0.514,2.9,0.757,1.1,0.8,136,7.7,0,24,-0.055,82.5,108,137.5,12.19,3.57,49
2830,2012,2018,1989,2/28/1989,6.4,Purdue University,6.4.2020,E'Twaun Moore,G,191,2.3,0.385,0.9,0.518,0.454,3.1,6.8,0.736,0.5,0.7,460,7.6,4.6,0.38,1.7,12.7,0.44,5.6,0.729,3.3,2.4,140,15.3,6,23,0.031,81.5,99.5,134,11.12,3.31,55
1294,2013,2018,1992,10/29/1992,6.7,,6.7.2020,Evan Fournier,G-F,205,4.3,0.379,1.6,0.525,0.448,4.7,10.5,0.804,2.1,2.7,376,13.1,,,,,,,,,,,,5,21,0.115,#N/A,#N/A,#N/A,#N/A,#N/A,#N/A
2730,2013,2013,1990,6/20/1990,7.1,Syracuse University,7.1.2000,Fab Melo,C,255,0,,0,0.5,0.5,0.5,1,0.25,0.2,0.7,6,1.2,0,,0,3.6,0.576,2.1,0.553,1.3,0.7,63,4.9,0,23,0.021,86.5,110,141,12.14,3.44,22
1197,2013,2016,1989,10/21/1989,6.11,Vanderbilt University,6.11.2020,Festus Ezeli,C,255,0,,0,0.513,0.513,1.6,3.2,0.557,1,1.7,170,4.2,0,,0,4.9,0.562,2.7,0.584,3.9,2.3,121,7.7,3,24,0.066,89.75,108,141.5,12.35,3.29,30
2145,2016,2018,1993,4/4/1993,7.1,University of Wisconsin,7.1.2000,Frank Kaminsky,F-C,242,3.5,0.347,1.2,0.481,0.411,3.6,8.7,0.765,1.6,2.1,234,10,1.9,0.369,0.7,7,0.522,3.7,0.763,2.7,2.1,144,10.1,2,23,0.166,83,109.5,0,0,0,9
38,2015,2015,1991,8/9/1991,6.1,,6.10.2020,Furkan Aldemir,F-C,240,0.1,0,0,0.513,0.513,1,1.9,0.481,0.3,0.7,41,2.3,,,,,,,,,,,,0,24,0.122,#N/A,#N/A,#N/A,#N/A,#N/A,#N/A
2727,2014,2015,1988,3/4/1988,6.3,Wichita State University,6.3.2020,Gal Mekel,G,191,0.7,0.217,0.1,0.335,0.311,0.9,3,0.667,0.2,0.3,35,2.3,2.7,0.306,0.8,5.7,0.379,2.2,0.809,1.9,1.5,62,6.7,1,26,-0.073,#N/A,#N/A,#N/A,#N/A,#N/A,#N/A
1661,2015,2018,1994,9/14/1994,6.4,Michigan State University,6.4.2020,Gary Harris,G,210,4.1,0.372,1.5,0.547,0.469,4.7,9.9,0.802,1.5,1.9,253,12.3,5.6,0.376,2.1,11.4,0.44,5,0.788,3.5,2.7,69,14.9,3,21,-0.046,78.75,96,0,0,0,19
105,2014,2018,1994,12/6/1994,6.11,,6.11.2020,Giannis Antetokounmpo,F-G,222,1.5,0.285,0.4,0.524,0.507,6.3,12.4,0.746,4.2,5.6,392,17.2,,,,,,,,,,,,4,20,0.031,#N/A,#N/A,#N/A,#N/A,#N/A,#N/A
3391,2014,2015,1991,1/1/1991,6.6,Georgia Institute of Technology,6.6.2020,Glen Rice,G,206,1.5,0.25,0.4,0.327,0.269,0.9,3.3,0.692,0.6,0.8,16,2.7,3.3,0.346,1.1,8.4,0.435,3.6,0.611,2.4,1.5,87,9.9,1,23,0.029,81.25,101.5,142,10.99,3.25,35
3452,2015,2018,1994,1/8/1994,6.6,University of Michigan,6.6.2020,Glenn Robinson,G-F,222,1.2,0.374,0.5,0.507,0.444,1.6,3.7,0.707,0.6,0.9,171,4.4,2.4,0.313,0.7,8.8,0.525,4.6,0.718,2.9,2.1,76,12,3,21,0.053,82,100.5,142,11.22,3.15,40
1001,2014,2018,1990,1/18/1990,6.11,University of Louisville,6.11.2020,Gorgui Dieng,C,241,0.3,0.317,0.1,0.514,0.506,3.2,6.3,0.785,1.8,2.3,374,8.3,0,0.333,0,6.1,0.545,3.3,0.64,2.7,1.7,102,8.3,4,24,0.129,87.5,111.5,0,0,0,21
1991,2015,2015,1993,7/8/1993,6.1,University of Arizona,6.10.2020,Grant Jerrett,F,235,1.9,0.067,0.1,0.288,0.269,0.9,3.3,1,0.1,0.1,8,2,2.3,0.405,0.9,4.5,0.409,1.9,0.818,0.6,0.5,34,5.2,0,22,0.108,86,109,143,11.85,3.51,40
3772,2012,2016,1991,1/8/1991,6.1,"California State University, Fresno",6.10.2020,Greg Smith,C,250,0,0,0,0.617,0.617,1.6,2.6,0.576,0.7,1.3,149,4,0,0,0,7.8,0.575,4.5,0.564,4.7,2.7,64,11.6,4,21,0.165,86.5,106.5,142.5,12.43,3.36,0
3878,2012,2015,1985,9/26/1985,6.11,University of Wisconsin,6.11.2020,Greg Stiemsma,C,260,0,0,0,0.509,0.509,1.3,2.6,0.705,0.5,0.7,203,3.2,0,0,0,2,0.545,1.1,0.759,0.6,0.5,95,2.7,3,27,0.17,#N/A,#N/A,#N/A,#N/A,#N/A,#N/A
155,2012,2014,1985,4/1/1985,6.1,,6.10.2020,Gustavo Ayon,C,250,0,0,0,0.536,0.536,2.1,3.9,0.504,0.5,1,135,4.7,,,,,,,,,,,,2,27,0.142,#N/A,#N/A,#N/A,#N/A,#N/A,#N/A
200,2013,2018,1992,5/30/1992,6.8,University of North Carolina,6.8.2020,Harrison Barnes,F,210,2.8,0.367,1,0.499,0.451,5,11,0.789,2.1,2.7,463,13.1,4.4,0.349,1.5,13.6,0.43,5.8,0.734,4.3,3.1,75,16.3,5,21,0.065,83.25,101.5,141,10.93,3.16,7
3721,2013,2016,1990,3/27/1990,6.1,Georgetown University,6.10.2020,Henry Sims,C,248,0.2,0.174,0,0.473,0.471,3,6.3,0.767,1.6,2.1,135,7.6,0.1,0.118,0,3.7,0.479,1.8,0.654,2,1.3,121,4.9,3,23,0.061,88,108,137.5,12.33,3.44,0
4024,2014,2017,1991,4/3/1991,6.8,Georgetown University,6.8.2020,Hollis Thompson,G-F,206,3.6,0.386,1.4,0.514,0.413,2.8,6.8,0.707,0.8,1.1,265,7.7,2.9,0.44,1.3,6.5,0.478,3.1,0.676,1.7,1.2,99,8.7,3,23,0.055,81.5,102.5,139,11.72,3.38,0
712,2014,2018,1991,3/7/1991,6.3,Belmont University,6.3.2020,Ian Clark,G,175,1.8,0.344,0.6,0.521,0.452,2.1,4.6,0.784,0.5,0.6,268,5.3,6,0.425,2.6,10.6,0.484,5.1,0.81,2,1.6,133,14.4,4,23,-0.025,#N/A,#N/A,#N/A,#N/A,#N/A,#N/A
3688,2012,2018,1990,6/26/1990,6.5,Georgia Institute of Technology,6.5.2020,Iman Shumpert,G,220,3,0.338,1,0.47,0.396,2.7,6.8,0.763,0.9,1.2,384,7.3,4,0.305,1.2,10.6,0.396,4.2,0.738,4.1,3.1,92,12.7,6,22,0.068,81.5,99.5,141.5,11.1,3.18,17
613,2014,2018,1991,5/21/1991,6.1,Murray State University,6.1.2000,Isaiah Canaan,G,201,4.6,0.351,1.6,0.48,0.369,2.7,7.3,0.839,1.4,1.7,205,8.4,5.5,0.419,2.3,10.7,0.45,4.8,0.803,4.5,3.6,132,15.5,4,23,0.031,76.5,94.5,135,10.98,3.22,34
4000,2012,2018,1989,2/7/1989,5.9,University of Washington,5.9.2020,Isaiah Thomas,G,185,5.4,0.361,1.9,0.509,0.439,6.1,13.9,0.877,4.7,5.4,473,18.9,4.8,0.325,1.6,12.4,0.426,5.3,0.713,6,4.3,105,16.4,6,23,0.124,73.75,91.5,131.5,10.49,3.14,60
2029,2012,2013,1984,4/10/1984,6.8,University of Oregon,6.8.2020,Ivan Johnson,F,230,0.2,0.158,0,0.519,0.517,2.6,5,0.662,1.2,1.8,125,6.5,0.1,0,0,5.9,0.5,2.9,0.634,2.5,1.6,28,7.5,1,28,0.113,#N/A,#N/A,#N/A,#N/A,#N/A,#N/A
3017,2016,2016,1992,4/8/1992,6.7,San Diego State University,6.7.2020,J.J. O'Brien,F,228,0,,0,0,0,0,0.5,,0,0,2,0,,,,,,,,,,,,0,24,#N/A,#N/A,#N/A,#N/A,#N/A,#N/A,#N/A
497,2015,2015,1992,12/18/1992,6.4,"University of Oregon, University of Missouri",6.4.2020,Jabari Brown,G,215,3.3,0.371,1.2,0.479,0.412,3.7,8.9,0.753,3.4,4.5,19,11.9,5.7,0.386,2.2,11.2,0.441,5,0.782,6.2,4.9,62,17,0,23,0.033,80.25,100,132,11.6,3.5,0
3122,2015,2018,1995,3/15/1995,6.8,Duke University,6.8.2020,Jabari Parker,F,250,1.7,0.349,0.6,0.512,0.489,6.2,12.6,0.747,2.3,3.1,181,15.2,3,0.358,1.1,14.3,0.473,6.7,0.748,6.1,4.6,35,19.1,3,20,0.088,#N/A,#N/A,#N/A,#N/A,#N/A,#N/A
789,2015,2018,1991,4/4/1991,6.9,University of Notre Dame,6.9.2020,Jack Cooley,F-C,260,0,,0,0.476,0.476,1,2,0.5,0.6,1.2,21,2.5,0,0.5,0,5.3,0.601,3.2,0.663,2.8,1.9,123,8.3,3,24,0.092,#N/A,#N/A,#N/A,#N/A,#N/A,#N/A
849,2013,2018,1990,7/6/1990,6.6,Marquette University,6.6.2020,Jae Crowder,F,235,3.6,0.342,1.2,0.512,0.43,3.2,7.4,0.79,1.5,1.9,461,9,4.1,0.35,1.4,10.6,0.492,5.2,0.683,4,2.7,72,14.6,5,23,0.055,81.25,99.5,134,11.45,3.37,34
3051,2016,2018,1995,12/15/1995,6.11,Duke University,6.11.2020,Jahlil Okafor,C-F,275,0.1,0.2,0,0.516,0.515,5.5,10.6,0.682,2,2.9,131,12.9,0,,0,11.1,0.664,7.3,0.51,5.1,2.6,38,17.3,2,21,0.026,#N/A,#N/A,#N/A,#N/A,#N/A,#N/A
2030,2012,2012,1989,2/8/1989,6.1,Purdue University,6.10.2020,JaJuan Johnson,F,221,0,,0,0.446,0.446,1.5,3.4,0.667,0.2,0.3,36,3.2,0.4,0.25,0.1,10.1,0.501,5,0.743,4.7,3.5,140,13.7,0,23,0.032,#N/A,#N/A,#N/A,#N/A,#N/A,#N/A
3556,2015,2018,1993,3/20/1993,6.9,St. John's University,6.9.2020,JaKarr Sampson,G-F,214,1.2,0.251,0.3,0.475,0.44,1.9,4.4,0.658,0.9,1.4,167,5.1,0.2,0.077,0,12.4,0.469,5.8,0.607,3.7,2.2,66,13.9,3,22,0.025,#N/A,#N/A,#N/A,#N/A,#N/A,#N/A
1309,2014,2015,1991,7/21/1991,6.5,San Diego State University,6.5.2020,Jamaal Franklin,G,191,0.5,0.462,0.3,0.488,0.415,0.7,1.7,1,0.1,0.1,24,1.8,3.8,0.302,1.2,10,0.426,4.3,0.78,5.1,4,85,13.7,1,23,-0.002,83.25,103.5,0,0,0,41
1172,2015,2018,1990,7/1/1990,6.7,"California State University, Long Beach",6.7.2020,James Ennis,F,210,2,0.363,0.7,0.53,0.454,2.2,4.8,0.811,1.3,1.6,218,6.4,,,,,,,,,,,,3,25,0.088,83.5,104.5,141,11.55,3.4,50
2610,2015,2018,1993,1/4/1993,6.9,University of North Carolina,6.9.2020,James Michael McAdoo,F,230,0.2,0.294,0,0.538,0.528,1.2,2.3,0.534,0.6,1.1,111,3,0.1,0,0,9.7,0.447,4.3,0.569,4.9,2.8,108,11.4,3,22,0.177,#N/A,#N/A,#N/A,#N/A,#N/A,#N/A
3008,2014,2014,1990,7/14/1990,6.7,"University of California, Santa Barbara",6.7.2020,James Nunnally,F,205,1.9,0.32,0.6,0.413,0.326,1.2,3.5,0.667,0.5,0.7,13,3.4,3.9,0.386,1.5,9.8,0.465,4.5,0.784,4,3.1,123,13.7,0,24,-0.005,#N/A,#N/A,#N/A,#N/A,#N/A,#N/A
3824,2014,2014,1990,4/28/1990,6.8,Syracuse University,6.8.2020,James Southerland,F,215,1.5,0.5,0.8,0.433,0.333,1.3,3.8,0.5,0.3,0.5,4,3.5,3.7,0.37,1.4,6.5,0.449,2.9,0.74,0.9,0.7,112,7.9,0,24,0.098,85,106,138,10.9,3.38,0
4546,2015,2018,1995,8/16/1995,6.6,University of Kentucky,6.6.2020,James Young,G-F,215,1.4,0.277,0.4,0.457,0.367,0.8,2.2,0.563,0.3,0.5,95,2.3,5.9,0.349,2.1,11.3,0.407,4.6,0.706,4.4,3.1,40,14.3,3,20,0.047,84,104,139.5,0,0,17
1510,2015,2018,1990,6/21/1990,6.9,University of Alabama,6.9.2020,JaMychal Green,F,227,1.4,0.35,0.5,0.514,0.477,3.1,6.5,0.765,1.4,1.8,234,8.1,0.1,0.176,0,9.6,0.519,5,0.711,4.9,3.5,123,13.5,3,25,0.127,86.25,106.5,139,10.63,3.38,0
4167,2012,2014,1990,4/24/1990,6.11,,6.11.2020,Jan Vesely,F,240,0,0,0,0.521,0.521,1.6,3.1,0.408,0.4,1,162,3.6,,,,,,,,,,,,2,22,0.076,#N/A,#N/A,#N/A,#N/A,#N/A,#N/A
857,2013,2016,1991,5/22/1991,6.4,Oregon State University,6.4.2020,Jared Cunningham,G,195,0.7,0.306,0.2,0.402,0.347,0.7,2.1,0.674,0.7,1,84,2.3,2.5,0.344,0.9,8.5,0.455,3.9,0.754,5.8,4.4,98,13,3,22,0.033,78.5,98,0,0,0,24
3917,2013,2017,1992,3/4/1992,6.9,Ohio State University,6.9.2020,Jared Sullinger,F,260,1.9,0.272,0.5,0.463,0.436,4.4,10,0.723,1.5,2.1,269,10.8,0.7,0.365,0.3,11.5,0.53,6.1,0.733,6.7,4.9,74,17.3,4,21,0.146,85.25,105.5,136.5,12.77,3.81,21
1112,2016,2018,1991,10/30/1991,6.7,Virginia Polytechnic Institute and State University,6.7.2020,Jarell Eddie,G-F,218,1.9,0.292,0.6,0.413,0.302,0.8,2.5,0.941,0.5,0.5,34,2.6,4.3,0.365,1.6,8.1,0.385,3.1,0.812,2.2,1.8,123,9.6,2,25,#N/A,#N/A,#N/A,#N/A,#N/A,#N/A,#N/A
2570,2016,2018,1994,5/24/1994,6.1,Louisiana State University,6.10.2020,Jarell Martin,F,239,0.9,0.344,0.3,0.465,0.436,2.3,5.4,0.763,1.2,1.6,142,6.2,2,0.308,0.6,10.1,0.494,5,0.689,4.5,3.1,65,13.7,2,22,#N/A,81.75,106.5,141,11.12,3.27,25
3889,2015,2017,1994,1/7/1994,6.9,University of Tennessee,6.9.2020,Jarnell Stokes,F-C,263,0,,0,0.581,0.581,0.9,1.5,0.531,0.6,1.1,28,2.4,0,0,0,8.9,0.53,4.7,0.628,5.6,3.5,87,13,2,21,0.186,85.25,103.5,139.5,11.92,3.26,35
4156,2013,2014,1988,3/1/1988,6.9,Mississippi State University,6.9.2020,Jarvis Varnado,F,230,0,,0,0.582,0.582,1.1,1.8,0.518,0.8,1.5,37,2.9,0,0.25,0,6.6,0.589,3.9,0.595,3.6,2.2,141,10,1,25,-0.122,87.5,109.5,142,11.61,3.37,41
1270,2012,2012,1987,7/14/1987,7.1,Cornell University,7.1.2000,Jeff Foote,C,265,0,,0,0.333,0.333,0.5,1.5,,0,0,4,1,0,,0,7.4,0.573,4.2,0.603,4.3,2.6,87,11,0,25,-0.079,#N/A,#N/A,#N/A,#N/A,#N/A,#N/A
4488,2014,2018,1990,3/7/1990,7.1,University of Kansas,7.1.2000,Jeff Withey,C,231,0.1,0.143,0,0.527,0.525,1.2,2.3,0.716,0.8,1.1,206,3.2,0,1,0,4.9,0.568,2.8,0.726,3.3,2.4,117,8,4,24,0.128,86,110.5,139.5,12.49,3.47,39
3962,2013,2015,1989,5/23/1989,6.7,Vanderbilt University,6.7.2020,Jeffery Taylor,F,225,1.9,0.319,0.6,0.465,0.409,2.3,5.5,0.665,1,1.4,132,6.1,2.4,0.358,0.9,10.3,0.483,5,0.693,4.9,3.4,134,14.2,2,24,0.039,#N/A,#N/A,#N/A,#N/A,#N/A,#N/A
1485,2015,2018,1994,3/12/1994,6.8,Syracuse University,6.8.2020,Jerami Grant,F,210,1.8,0.302,0.5,0.489,0.443,2.5,5.7,0.636,1.9,2.9,301,7.5,0.3,0.3,0.1,5.3,0.486,2.6,0.641,3.5,2.2,72,7.5,3,21,0.019,86.75,107,0,0,0,39
2705,2015,2015,1987,6/1/1987,6.3,Marquette University,6.3.2020,Jerel McNeal,G,200,0.3,0.5,0.2,0.318,0.273,0.5,1.8,1,0.3,0.3,6,1.5,3.6,0.347,1.3,12.7,0.44,5.6,0.717,4,2.8,130,15.3,0,28,-0.149,79.25,99.5,136,10.61,3.25,0
2318,2013,2018,1992,5/30/1992,6.5,University of Connecticut,6.5.2020,Jeremy Lamb,G-F,185,2.7,0.337,0.9,0.504,0.445,3.5,7.8,0.837,1.3,1.6,355,9.1,4.5,0.348,1.6,11,0.482,5.3,0.806,2.4,1.9,75,14.1,5,21,0.058,83,102,140,10.98,3.25,12
3117,2012,2013,1986,3/17/1986,6.2,Gonzaga University,6.2.2020,Jeremy Pargo,G,219,1.3,0.313,0.4,0.416,0.373,1.8,4.8,0.652,0.7,1.1,83,4.7,1.8,0.311,0.6,7.3,0.465,3.4,0.704,2.7,1.9,134,9.3,1,26,-0.085,#N/A,#N/A,#N/A,#N/A,#N/A,#N/A
4119,2012,2014,1991,6/21/1991,6.1,,6.10.2020,Jeremy Tyler,C,260,0,0,0,0.45,0.45,1.5,3.4,0.557,0.6,1,104,3.6,,,,,,,,,,,,2,21,-0.014,89,110.5,144,11.26,3.29,39
1486,2016,2018,1992,10/9/1992,6.4,University of Notre Dame,6.4.2020,Jerian Grant,G,195,2,0.315,0.6,0.468,0.412,2.3,5.6,0.786,1.4,1.8,211,6.6,4.4,0.345,1.5,10.7,0.436,4.7,0.79,4.8,3.8,119,14.6,2,24,0.09,79.5,100,0,0,0,19
1098,2012,2012,1987,5/1/1987,6.3,University of Connecticut,6.3.2020,Jerome Dyson,G,180,0.9,0.125,0.1,0.406,0.396,2.1,5.3,0.778,3.1,4,9,7.4,3.8,0.318,1.2,11.9,0.39,4.6,0.735,5.4,4,113,14.4,0,25,0.026,#N/A,#N/A,#N/A,#N/A,#N/A,#N/A
2125,2012,2015,1986,9/29/1986,7.1,University of Tulsa,7.1.2000,Jerome Jordan,C,253,0,,0,0.528,0.528,1,2,0.852,0.7,0.8,65,2.8,0,,0,7.2,0.567,4.1,0.696,4.5,3.1,133,11.3,3,26,0.211,89.25,113,0,0,0,44
286,2015,2015,1991,8/1/1991,6.8,"Georgetown University, Towson University",6.8.2020,Jerrelle Benimon,F,245,0,,0,,,0,0,,0,0,2,0,0.9,0.327,0.3,6.6,0.522,3.5,0.686,4.2,2.9,128,10.1,0,24,-0.215,#N/A,#N/A,#N/A,#N/A,#N/A,#N/A
3777,2012,2012,1987,9/26/1987,6.2,University of Louisville,6.2.2020,Jerry Smith,G,190,1.2,0.167,0.2,0.25,0.214,0.6,2.8,,0,0,5,1.4,3.9,0.389,1.5,6.3,0.454,2.9,0.73,2,1.4,138,8.7,0,25,-0.007,#N/A,#N/A,#N/A,#N/A,#N/A,#N/A
1316,2012,2016,1989,2/25/1989,6.2,Brigham Young University,6.2.2020,Jimmer Fredette,G,195,2.2,0.381,0.8,0.489,0.412,2.2,5.3,0.876,0.8,0.9,235,6,5.4,0.394,2.1,13.3,0.455,6,0.882,5.1,4.5,139,18.7,4,23,0.012,76.5,96.5,129.5,10.42,3.21,10
578,2012,2018,1989,9/14/1989,6.8,Marquette University,6.8.2020,Jimmy Butler,F-G,236,2.6,0.34,0.9,0.49,0.452,5.3,11.8,0.833,4.8,5.8,456,16.4,0.9,0.383,0.3,7.2,0.508,3.7,0.773,5.6,4.3,106,12,6,23,0.144,79.5,101.5,140.5,11.92,3.15,30
1662,2015,2018,1991,9/6/1991,6.6,University of Virginia,6.6.2020,Joe Harris,G,219,3.6,0.4,1.4,0.579,0.459,2.7,6,0.774,0.7,0.9,186,7.6,4.8,0.407,1.9,9.5,0.445,4.2,0.722,3.1,2.2,135,12.6,3,24,0.018,78,100,133.5,11.11,3.31,33
1902,2015,2018,1987,10/2/1987,6.8,,6.8.2020,Joe Ingles,F-G,226,3.6,0.416,1.5,0.58,0.447,2.5,5.6,0.761,0.5,0.6,322,7,,,,,,,,,,,,3,28,0.062,82.25,105,136,10.66,3.3,0
4547,2016,2018,1992,6/27/1992,6.2,"University of Houston, University of Oregon",6.2.2020,Joe Young,G,180,1,0.295,0.3,0.44,0.394,1.3,3.3,0.768,0.4,0.5,126,3.3,5.6,0.39,2.2,13,0.453,5.9,0.886,3.9,3.5,132,17.5,2,24,#N/A,#N/A,#N/A,#N/A,#N/A,#N/A,#N/A
1318,2013,2015,1987,2/7/1987,6.1,,6.10.2020,Joel Freeland,F-C,250,0,0,0,0.459,0.459,1.4,3,0.728,0.4,0.5,151,3.2,,,,,,,,,,,,2,26,0.022,#N/A,#N/A,#N/A,#N/A,#N/A,#N/A
2348,2015,2018,1991,9/30/1991,6.11,,6.11.2020,Joffrey Lauvergne,C-F,220,0.8,0.285,0.2,0.505,0.48,2.3,4.8,0.721,0.8,1,206,5.6,,,,,,,,,,,,3,24,0.012,#N/A,#N/A,#N/A,#N/A,#N/A,#N/A
1740,2013,2018,1990,12/28/1990,6.11,University of North Carolina,6.11.2020,John Henson,C-F,229,0,0.077,0,0.542,0.542,3.4,6.2,0.573,1.2,2.1,389,7.9,0.2,0.208,0,8.8,0.497,4.4,0.484,3.2,1.6,109,10.3,5,23,0.109,89,112,142,0,0,14
1985,2013,2017,1991,3/6/1991,6.4,Vanderbilt University,6.4.2020,John Jenkins,G,215,1.8,0.364,0.7,0.528,0.448,1.9,4.1,0.849,0.7,0.8,145,5.1,7.1,0.438,3.1,11.2,0.468,5.3,0.856,3.8,3.3,98,16.9,4,22,0.091,80.5,98,134.5,11.36,3.37,23
3021,2015,2018,1993,6/1/1993,6.9,Louisiana State University,6.9.2020,Johnny O'Bryant,F-C,257,0.3,0.36,0.1,0.419,0.402,1.4,3.6,0.663,0.4,0.7,147,3.5,0.3,0.222,0.1,10.5,0.467,4.9,0.619,4.6,2.8,91,12.7,3,22,-0.063,86.25,105,140.5,11.57,3.45,36
2398,2012,2018,1989,5/14/1989,6.1,University of Wisconsin,6.10.2020,Jon Leuer,F,228,1.1,0.335,0.4,0.51,0.478,2.7,5.7,0.769,0.9,1.1,336,6.7,2.2,0.368,0.8,8.7,0.482,4.2,0.723,2.7,2,123,11.2,6,23,0.122,84,105.5,142,10.82,3.36,40
4134,2013,2018,1992,5/6/1992,7.1,,7.1.2000,Jonas Valanciunas,C,265,0.2,0.4,0.1,0.561,0.557,4.6,8.2,0.784,2.4,3.1,438,11.7,,,,,,,,,,,,5,21,0.127,#N/A,#N/A,#N/A,#N/A,#N/A,#N/A
3710,2016,2018,1989,9/14/1989,6.6,University of Houston,6.6.2020,Jonathon Simmons,G-F,195,1.7,0.331,0.6,0.5,0.459,3.2,7,0.759,1.7,2.3,202,8.8,2.8,0.386,1.1,10,0.512,5.1,0.716,4.7,3.4,30,14.7,2,27,#N/A,#N/A,#N/A,#N/A,#N/A,#N/A,#N/A
19,2015,2016,1994,7/8/1994,6.5,"University of California, Los Angeles",6.5.2020,Jordan Adams,G,209,0.8,0.385,0.3,0.457,0.402,1.2,2.9,0.607,0.5,0.9,32,3.2,4.3,0.331,1.4,11.6,0.467,5.4,0.839,5,4.2,69,16.4,1,21,0.073,82,102,131.5,12.13,3.5,22
716,2015,2018,1992,6/7/1992,6.5,"University of Tulsa, University of Missouri",6.5.2020,Jordan Clarkson,G,194,3.7,0.337,1.3,0.494,0.443,5.5,12.4,0.806,1.9,2.4,299,14.2,3.2,0.322,1,11.6,0.44,5.1,0.805,5.2,4.2,93,15.4,3,23,0.078,80,98,136.5,10.76,3.28,46
1598,2012,2016,1990,10/6/1990,6.7,University of Texas at Austin,6.7.2020,Jordan Hamilton,G-F,220,2.5,0.357,0.9,0.489,0.408,2.3,5.6,0.67,0.5,0.7,151,5.9,5.6,0.377,2.1,12.2,0.43,5.2,0.71,2.7,1.9,70,14.5,4,22,0.055,81.5,104,136,11.47,3.3,26
2713,2016,2017,1991,3/28/1991,6.6,University of Tennessee,6.6.2020,Jordan McRae,G,185,1.2,0.384,0.5,0.465,0.404,1.6,3.9,0.774,0.8,1.1,59,4.4,4.6,0.343,1.6,10.4,0.417,4.4,0.769,4,3.1,114,13.3,1,25,#N/A,84.5,104,138.5,11.07,3.39,58
2747,2016,2018,1994,7/9/1994,6.8,Louisiana State University,6.8.2020,Jordan Mickey,F,235,0.3,0.118,0,0.457,0.449,1,2.2,0.605,0.4,0.7,64,2.4,0.2,0.071,0,10.8,0.518,5.6,0.669,4.3,2.9,65,14,2,22,0.917,87.25,106,143.5,11.8,3.28,33
4412,2012,2012,1990,10/11/1990,6.1,University of Maryland,6.10.2020,Jordan Williams,F,260,0,,0,0.507,0.507,1.8,3.5,0.652,1,1.5,43,4.6,0,,0,9.7,0.528,5.1,0.559,5.3,3,66,13.2,0,22,0.101,84.25,106.5,137,12.74,3.45,36
1568,2014,2016,1988,12/27/1988,6.3,University of California,6.3.2020,Jorge Gutierrez,G,191,0.4,0.176,0.1,0.514,0.5,1.1,2.3,0.778,0.6,0.8,47,2.9,1.9,0.34,0.7,7.4,0.43,3.2,0.737,3.4,2.5,129,9.6,2,26,0.048,#N/A,#N/A,#N/A,#N/A,#N/A,#N/A
34,2013,2013,1986,2/10/1986,5.11,"Washington State University, California State University, Fullerton",5.11.2020,Josh Akognon,G,185,0.7,0.5,0.3,0.625,0.5,0.7,1.3,,0,0,3,1.7,7.6,0.372,2.8,12.3,0.408,5,0.871,2.7,2.3,119,15.2,0,27,0.196,#N/A,#N/A,#N/A,#N/A,#N/A,#N/A
1649,2012,2014,1989,2/12/1989,6.1,University of Kentucky,6.10.2020,Josh Harrellson,C,275,1.3,0.347,0.4,0.506,0.438,1.4,3.2,0.629,0.3,0.5,75,3.5,0.3,0.31,0.1,3.6,0.549,2,0.649,1,0.6,94,4.7,2,23,0.127,#N/A,#N/A,#N/A,#N/A,#N/A,#N/A
1864,2016,2018,1991,12/19/1991,6.7,Stanford University,6.7.2020,Josh Huestis,F,230,1.7,0.309,0.5,0.438,0.345,0.9,2.7,0.24,0.1,0.3,74,2.5,1.5,0.319,0.5,6.4,0.451,2.9,0.61,2.1,1.3,135,7.5,2,25,#N/A,#N/A,#N/A,#N/A,#N/A,#N/A,#N/A
3396,2016,2018,1993,9/15/1993,6.6,University of Tennessee,6.6.2020,Josh Richardson,G,200,3.7,0.377,1.4,0.511,0.434,3.9,8.9,0.788,1.2,1.5,184,10.3,2.3,0.318,0.7,7.4,0.456,3.4,0.758,2.3,1.8,136,9.2,2,23,-0.343,#N/A,#N/A,#N/A,#N/A,#N/A,#N/A
3639,2012,2013,1991,3/27/1991,6.2,University of Kansas,6.2.2020,Josh Selby,G,183,0.6,0.143,0.1,0.346,0.33,0.8,2.5,0.72,0.5,0.7,38,2.2,3.6,0.362,1.3,7.4,0.373,2.8,0.757,1.4,1.1,26,7.9,1,21,-0.105,77.25,98,140,11.13,3.2,49
3329,2015,2018,1994,11/29/1994,6.9,University of Kentucky,6.9.2020,Julius Randle,F-C,250,0.6,0.261,0.2,0.5,0.492,5.2,10.6,0.716,3,4.1,236,13.5,0.5,0.167,0.1,9.8,0.501,4.9,0.706,7.2,5.1,40,15,3,21,-0.276,84,105.5,141,11.45,3.27,7
3895,2012,2018,1988,12/7/1988,6.6,University of Texas at El Paso,6.6.2020,Julyan Stone,G,200,0.4,0.276,0.1,0.5,0.433,0.4,0.9,0.7,0.2,0.3,69,1.1,1.4,0.265,0.4,4.3,0.425,1.8,0.617,2.9,1.8,138,5.8,6,24,0.101,#N/A,#N/A,#N/A,#N/A,#N/A,#N/A
88,2016,2018,1993,11/19/1993,6.6,University of Virginia,6.6.2020,Justin Anderson,G,228,2.2,0.296,0.7,0.487,0.419,2,4.8,0.782,1,1.3,167,5.7,2.8,0.357,1,6.8,0.43,2.9,0.752,2.7,2,98,8.9,2,23,-0.133,83.75,101,144,11.1,3.22,21
979,2012,2013,1985,9/5/1985,5.11,University of Washington,5.11.2020,Justin Dentmon,G,185,1.8,0.143,0.3,0.367,0.333,1.3,3.8,0.667,0.5,0.8,8,3.3,2.9,0.349,1,8,0.428,3.4,0.789,3.6,2.8,133,10.7,1,27,-0.039,#N/A,#N/A,#N/A,#N/A,#N/A,#N/A
1599,2014,2017,1990,4/1/1990,7.1,"Iowa State University, Louisiana State University",7.1.2000,Justin Hamilton,C,260,1.9,0.309,0.6,0.523,0.464,2.4,5.1,0.798,0.7,0.9,113,6.1,0.1,0.25,0,5.6,0.535,3,0.741,2.5,1.8,96,7.9,3,24,0.105,#N/A,#N/A,#N/A,#N/A,#N/A,#N/A
1644,2012,2017,1989,8/30/1989,6.1,University of Richmond,6.10.2020,Justin Harper,F,225,1.3,0.276,0.4,0.415,0.34,0.8,2.4,0.333,0,0.1,22,2,3.4,0.382,1.3,8.1,0.483,3.9,0.711,2.1,1.5,137,10.6,5,23,-0.145,83.75,106,139,11.92,3.3,32
1805,2013,2018,1989,4/5/1989,6.6,University of Washington,6.6.2020,Justin Holiday,G,185,3.4,0.35,1.2,0.483,0.392,2.6,6.6,0.811,1,1.2,274,7.4,1.4,0.343,0.5,4.6,0.443,2,0.736,1,0.7,123,5.3,5,24,-0.042,#N/A,#N/A,#N/A,#N/A,#N/A,#N/A
4481,2016,2018,1996,3/26/1996,6.7,Duke University,6.7.2020,Justise Winslow,F,225,1.7,0.317,0.5,0.447,0.408,2.9,7.1,0.664,1.1,1.6,162,7.4,2.8,0.418,1.2,9.1,0.486,4.4,0.641,4,2.6,39,12.6,2,20,0.081,82.25,104.5,0,0,0,10
3009,2015,2018,1994,8/23/1994,7.1,,7.1.2000,Jusuf Nurkic,C,280,0.1,0,0,0.485,0.485,4.3,8.8,0.615,1.8,3,236,10.4,,,,,,,,,,,,3,21,0.069,#N/A,#N/A,#N/A,#N/A,#N/A,#N/A
2648,2015,2017,1993,2/9/1993,6.6,Clemson University,6.6.2020,K.J. McDaniels,G-F,205,1.6,0.29,0.5,0.464,0.412,1.9,4.6,0.776,1.1,1.4,148,5.3,2.8,0.313,0.9,8.6,0.45,3.9,0.767,3.2,2.4,94,11,2,22,0.023,83.25,102,139,12.71,3.1,32
2471,2015,2015,1989,5/24/1989,6.1,Michigan State University,6.1.2020,Kalin Lucas,G,195,0,,0,0,0,0,1,,0,0,1,0,2.8,0.377,1.1,11.2,0.425,4.8,0.796,4.5,3.6,141,14.2,0,26,-0.057,#N/A,#N/A,#N/A,#N/A,#N/A,#N/A
4077,2016,2018,1995,11/15/1995,7.1,University of Kentucky,7.1.2000,Karl-Anthony Towns,C-F,244,2.7,0.387,1,0.575,0.542,8.4,15.5,0.836,3.8,4.5,244,21.5,0.2,0.25,0.1,6.6,0.566,3.7,0.813,3.4,2.8,39,10.3,2,21,0.198,#N/A,#N/A,#N/A,#N/A,#N/A,#N/A
2391,2012,2018,1991,6/29/1991,6.7,San Diego State University,6.7.2020,Kawhi Leonard,F,230,3.4,0.386,1.3,0.549,0.495,6,12.1,0.846,3.1,3.7,407,16.3,2.3,0.25,0.6,12,0.449,5.4,0.744,3.7,2.8,70,14.1,6,21,0.171,87,106,138,11.45,3.15,15
112,2016,2016,1992,2/13/1992,6.1,Michigan State University,6.1.2020,Keith Appling,G,185,0.6,0,0,0.25,0.25,0.4,1.6,1,0.4,0.4,5,1.2,2.9,0.334,1,8,0.431,3.5,0.748,3.7,2.7,142,10.6,0,24,#N/A,#N/A,#N/A,#N/A,#N/A,#N/A,#N/A
297,2012,2012,1988,8/13/1988,6.11,Oakland University,6.11.2020,Keith Benson,C,240,0,,0,0,0,0,0.3,,0,0,3,0,0.2,0.379,0.1,9.1,0.558,5.1,0.679,5.7,3.9,135,14.1,0,24,-0.005,87.75,109.5,145.5,11.88,3.35,48
3067,2014,2018,1991,4/19/1991,7.1,Gonzaga University,7.1.2000,Kelly Olynyk,C-F,238,2.7,0.371,1,0.548,0.482,3.7,7.7,0.749,1.4,1.9,352,9.9,0.7,0.333,0.2,5.6,0.594,3.3,0.709,2.8,2,101,8.9,4,23,0.101,81.75,108,137.5,11.42,3.59,13
3082,2016,2018,1995,12/9/1995,6.7,University of Kansas,6.7.2020,Kelly Oubre,F,205,2.8,0.32,0.9,0.482,0.412,2.7,6.4,0.779,1.3,1.7,221,7.6,2.6,0.358,0.9,6.9,0.444,3.1,0.718,3.1,2.2,36,9.3,2,21,-0.197,86.25,102.5,139.5,11.1,3.32,15
4210,2012,2018,1990,5/8/1990,6.1,University of Connecticut,6.1.2020,Kemba Walker,G,172,5.5,0.358,2,0.476,0.415,6.6,15.8,0.834,3.9,4.6,522,19,3.5,0.326,1.1,12.2,0.428,5.2,0.783,5.8,4.5,111,16.1,6,22,0.009,75.5,91.5,131,10.87,3.16,9
2557,2013,2016,1991,8/19/1991,6.4,University of North Carolina,6.4.2020,Kendall Marshall,G,200,2.2,0.37,0.8,0.48,0.399,2,4.9,0.611,0.3,0.5,160,5,1.8,0.366,0.7,5.6,0.446,2.5,0.693,2.2,1.5,73,7.2,3,22,-0.012,77.5,96,133,12.03,3.23,13
1202,2012,2018,1989,11/19/1989,6.8,Morehead State University,6.8.2020,Kenneth Faried,F,228,0,0.1,0,0.544,0.543,4.6,8.5,0.655,2.2,3.4,441,11.4,0.1,0.25,0,10.1,0.569,5.8,0.583,5.6,3.2,136,14.8,6,23,0.212,84,108,143,11.35,3.26,22
250,2013,2018,1989,7/1/1989,6.5,Old Dominion University,6.5.2020,Kent Bazemore,G-F,201,2.7,0.36,1,0.493,0.422,3,7,0.718,1.3,1.9,416,8.2,2.1,0.334,0.7,8.3,0.447,3.7,0.581,3.5,2,140,10.1,5,24,0.014,#N/A,#N/A,#N/A,#N/A,#N/A,#N/A
601,2014,2018,1993,2/18/1993,6.5,University of Georgia,6.5.2020,Kentavious Caldwell-Pope,G,205,4.8,0.345,1.7,0.487,0.41,4.4,10.6,0.786,1.7,2.1,386,12.1,6.9,0.339,2.3,12.7,0.415,5.3,0.752,3.9,2.9,64,15.8,4,21,0.055,80,100.5,135,10.6,3.12,8
2100,2013,2013,1989,8/25/1989,6.8,West Virginia University,6.8.2020,Kevin Jones,F,251,0,,0,0.402,0.402,1.3,3.3,0.6,0.3,0.5,32,3,2.5,0.315,0.8,10.6,0.494,5.2,0.677,2.7,1.8,139,13.1,0,24,0.032,85.5,105,137.5,11.94,3.6,0
2896,2013,2013,1990,3/6/1990,6.5,Tennessee Technological University,6.5.2020,Kevin Murphy,G,185,0.3,0.2,0.1,0.268,0.25,0.4,1.6,,0,0,17,0.9,4,0.372,1.5,12.5,0.443,5.5,0.734,4.4,3.3,128,15.8,0,23,-0.272,78.75,99,135.5,10.97,3.42,47
2452,2016,2018,1996,2/6/1996,6.9,"University of California, Los Angeles",6.9.2020,Kevon Looney,F-C,220,0.1,0.25,0,0.564,0.557,1.3,2.4,0.573,0.5,0.9,123,3.2,1.5,0.415,0.6,8.9,0.47,4.2,0.626,4.1,2.6,36,11.6,2,20,#N/A,87.5,110,0,0,0,30
2748,2013,2018,1991,8/12/1991,6.8,Texas A&M University,6.8.2020,Khris Middleton,F-G,234,3.9,0.392,1.5,0.517,0.455,5.5,12.2,0.877,2.5,2.9,376,15.2,3.3,0.321,1.1,9.1,0.431,3.9,0.768,3.1,2.4,87,11.3,5,22,0.089,82.75,103,134,11.45,3.47,39
1169,2013,2013,1988,9/24/1988,6.6,University of Missouri,6.6.2020,Kim English,G,200,1.2,0.28,0.3,0.438,0.375,1,2.7,0.724,0.5,0.7,41,2.9,4.3,0.394,1.7,8.7,0.42,3.7,0.727,2.9,2.1,141,11.1,0,25,0.021,78.5,98,134.5,10.59,3.33,44
4029,2012,2018,1990,2/8/1990,6.7,Washington State University,6.7.2020,Klay Thompson,G-F,215,6.9,0.422,2.9,0.551,0.458,7.2,15.7,0.851,1.9,2.3,536,19.2,6.3,0.39,2.5,14.4,0.424,6.1,0.827,3.9,3.2,98,17.9,6,22,0.05,81,103.5,135,10.99,3.24,11
3115,2015,2016,1990,7/31/1990,6.8,,6.8.2020,Kostas Papanikolaou,F,225,2,0.297,0.6,0.432,0.354,1.3,3.8,0.688,0.3,0.5,69,3.6,,,,,,,,,,,,1,25,0.029,#N/A,#N/A,#N/A,#N/A,#N/A,#N/A
2136,2013,2013,1988,12/17/1988,6.7,Syracuse University,6.7.2020,Kris Joseph,F,210,0.3,0,0,0.143,0.143,0.2,1.4,0.625,0.5,0.8,10,0.9,2.4,0.331,0.8,7.8,0.449,3.5,0.702,3.9,2.7,140,10.5,0,25,-0.008,83,104,139,0,3.46,51
3260,2016,2018,1995,8/2/1995,7.3,,7.3.2020,Kristaps Porzingis,F-C,240,4.2,0.361,1.5,0.488,0.437,6.5,14.8,0.804,3.3,4.1,186,17.8,,,,,,,,,,,,2,21,0.155,#N/A,#N/A,#N/A,#N/A,#N/A,#N/A
91,2015,2018,1993,9/20/1993,6.9,"University of California, Los Angeles",6.9.2020,Kyle Anderson,F-G,230,0.6,0.336,0.2,0.501,0.477,1.9,4,0.734,0.8,1.1,255,4.9,1.4,0.375,0.5,9.4,0.452,4.3,0.736,4.3,3.1,71,12.2,3,22,0.044,86.75,107.5,0,0,0,30
3035,2013,2018,1990,3/26/1990,6.1,Norfolk State University,6.10.2020,Kyle O'Quinn,F-C,250,0.3,0.216,0.1,0.524,0.518,2.4,4.7,0.744,0.9,1.1,396,5.8,1.6,0.261,0.4,8.6,0.553,4.7,0.685,3.8,2.6,129,12.5,5,23,0.107,88.75,106.5,138,11.65,3.53,49
3723,2013,2018,1988,5/4/1988,6.8,Duke University,6.8.2020,Kyle Singler,F,228,2.3,0.362,0.8,0.493,0.418,2.4,5.7,0.786,1,1.2,356,6.5,5,0.363,1.8,12.7,0.433,5.5,0.773,4.3,3.4,148,16.2,5,25,0.048,82.1,106,136,11.22,3.21,33
1909,2012,2018,1992,3/23/1992,6.3,Duke University,6.3.2020,Kyrie Irving,G,193,5.2,0.388,2,0.52,0.462,8,17.4,0.875,3.9,4.5,441,22,3.5,0.462,1.6,9.5,0.529,5,0.901,6.5,5.8,11,17.5,6,20,0.125,#N/A,#N/A,#N/A,#N/A,#N/A,#N/A
3142,2016,2017,1991,8/12/1991,6.5,University of Pittsburgh,6.5.2020,Lamar Patterson,G-F,225,1.4,0.236,0.3,0.395,0.326,0.8,2.4,0.72,0.5,0.6,40,2.3,3.1,0.369,1.1,7.4,0.435,3.2,0.723,2.6,1.9,149,9.5,1,25,0.058,83,101,133.5,11.63,3.45,48
4009,2012,2018,1988,4/24/1988,6.8,Duke University,6.8.2020,Lance Thomas,F,235,1,0.407,0.4,0.463,0.419,1.9,4.5,0.801,1,1.3,344,5.2,0,,0,3.2,0.525,1.7,0.6,2.1,1.3,140,4.6,6,24,0.088,#N/A,#N/A,#N/A,#N/A,#N/A,#N/A
1352,2015,2018,1991,12/9/1991,6.2,Saint Joseph's University,6.2.2020,Langston Galloway,G,200,3.6,0.361,1.3,0.472,0.388,3,7.7,0.782,0.9,1.1,257,8.1,6.1,0.426,2.6,11.3,0.438,4.9,0.821,3.1,2.5,133,15,3,24,0.043,#N/A,#N/A,#N/A,#N/A,#N/A,#N/A
1058,2015,2018,1990,3/5/1990,6.2,"University of North Carolina, University of California, Los Angeles",6.2.2020,Larry Drew,G,180,1.6,0.2,0.3,0.372,0.329,1.2,3.7,0.667,0.1,0.1,22,2.9,1.8,0.343,0.6,4.9,0.412,2,0.601,1.5,0.9,131,5.5,3,25,-0.001,#N/A,#N/A,#N/A,#N/A,#N/A,#N/A
2928,2016,2018,1993,1/1/1993,6.9,University of Wyoming,6.9.2020,Larry Nance,F-C,230,0.3,0.224,0.1,0.554,0.548,3.1,5.6,0.687,0.9,1.4,190,7.1,1,0.308,0.3,8,0.521,4.1,0.771,3.5,2.7,123,11.3,2,23,0.098,85.5,108,145.5,10.89,3.25,27
54,2012,2017,1989,2/4/1989,6.9,Temple University,6.9.2020,Lavoy Allen,F-C,260,0,0.133,0,0.472,0.471,2.1,4.5,0.682,0.5,0.7,388,4.8,0.5,0.288,0.1,8.2,0.534,4.4,0.671,2.4,1.6,135,10.5,5,23,0.124,#N/A,#N/A,#N/A,#N/A,#N/A,#N/A
505,2014,2018,1990,8/26/1990,6.5,North Carolina State University,6.5.2020,Lorenzo Brown,G,189,1,0.149,0.1,0.39,0.368,1.3,3.4,0.684,0.3,0.5,76,3,2.1,0.305,0.6,9.5,0.429,4.1,0.741,3.8,2.8,101,11.6,4,24,-0.068,79,100,134,11.78,3.4,52
2989,2015,2018,1992,7/26/1992,7.1,,7.1.2000,Lucas Nogueira,C,241,0.2,0.265,0.1,0.648,0.632,1.3,2,0.64,0.5,0.8,141,3.2,,,,,,,,,,,,3,23,-0.071,#N/A,#N/A,#N/A,#N/A,#N/A,#N/A
895,2014,2015,1987,11/27/1987,6.8,,6.8.2020,Luigi Datome,F,215,1.4,0.316,0.5,0.481,0.414,1.4,3.4,0.818,0.2,0.2,55,3.4,,,,,,,,,,,,1,27,-0.023,#N/A,#N/A,#N/A,#N/A,#N/A,#N/A
2823,2016,2018,1993,4/6/1993,6.7,Westchester CC,6.7.2020,Luis Montero,G,185,0.6,0.111,0.1,0.275,0.25,0.4,1.4,0.75,0.2,0.3,14,1,,,,,,,,,,,,2,23,-0.036,#N/A,#N/A,#N/A,#N/A,#N/A,#N/A
4562,2013,2013,1987,4/7/1987,6.11,University of Notre Dame,6.11.2020,Luke Zeller,C,245,0.3,0.2,0.1,0.365,0.346,0.6,1.6,,0,0,16,1.2,2.3,0.36,0.8,3.7,0.417,1.5,0.574,0.5,0.3,128,4.2,0,26,-0.047,#N/A,#N/A,#N/A,#N/A,#N/A,#N/A
4272,2013,2014,1991,5/2/1991,6.2,Villanova University,6.2.2020,Maalik Wayns,G,200,1.1,0.226,0.2,0.339,0.3,0.9,3.1,0.895,0.6,0.7,29,2.7,3.4,0.291,1,9.7,0.412,4,0.848,4.2,3.6,95,12.5,1,22,-0.147,#N/A,#N/A,#N/A,#N/A,#N/A,#N/A
2378,2012,2015,1990,5/22/1990,6.5,"University of California, Los Angeles",6.5.2020,Malcolm Lee,G,200,0.9,0.294,0.3,0.419,0.382,1.4,3.8,0.703,0.7,1,36,3.9,2.7,0.278,0.8,7.5,0.441,3.3,0.717,3.2,2.3,94,9.7,3,22,0.024,81.75,101.5,137,11.2,3.09,43
4010,2012,2015,1988,11/8/1988,6.9,"Pepperdine University, San Diego State University",6.9.2020,Malcolm Thomas,F,225,0.3,0.091,0,0.442,0.435,0.8,1.7,0.6,0.4,0.6,40,1.9,0.2,0.235,0,8.2,0.53,4.3,0.58,5,2.9,103,11.6,3,24,-0.028,84.5,107.5,144,11.31,3.29,0
1863,2016,2017,1983,5/25/1983,6.3,,6.3.2020,Marcelo Huertas,G,200,1.1,0.25,0.3,0.443,0.409,1.6,3.9,0.783,0.5,0.6,76,3.9,,,,,,,,,,,,1,33,-0.042,#N/A,#N/A,#N/A,#N/A,#N/A,#N/A
2851,2012,2018,1989,9/2/1989,6.9,University of Kansas,6.9.2020,Marcus Morris,F,235,3.6,0.358,1.3,0.496,0.428,4.2,9.7,0.73,1.6,2.1,469,11.2,1.1,0.358,0.4,8.4,0.555,4.7,0.66,4.3,2.9,109,12.6,6,23,-0.083,82,105.5,138.5,0,3.15,14
3746,2015,2018,1994,3/6/1994,6.4,Oklahoma State University,6.4.2020,Marcus Smart,G,220,4.2,0.293,1.2,0.431,0.36,3.1,8.7,0.756,2,2.6,261,9.4,4.6,0.295,1.4,11.9,0.413,4.9,0.751,7.3,5.5,64,16.6,3,21,0.077,81.25,99,135,10.82,3.26,6
1757,2016,2018,1995,2/25/1995,6.8,,6.8.2020,Mario Hezonja,F-G,215,2.7,0.333,0.9,0.492,0.419,2.6,6.2,0.835,0.8,0.9,217,6.9,,,,,,,,,,,,2,21,-0.087,#N/A,#N/A,#N/A,#N/A,#N/A,#N/A
507,2015,2018,1992,1/29/1992,6.3,Oklahoma State University,6.3.2020,Markel Brown,G,190,1.7,0.295,0.5,0.432,0.38,1.8,4.8,0.781,1,1.3,113,5.2,3.1,0.347,1.1,9.4,0.439,4.1,0.733,4.1,3,134,12.4,3,23,0.031,80.75,100,143.5,12.62,3.18,44
2852,2012,2018,1989,9/2/1989,6.1,University of Kansas,6.10.2020,Markieff Morris,F,245,2.1,0.339,0.7,0.487,0.452,4.6,10.2,0.778,1.9,2.5,519,11.9,0.9,0.404,0.3,5.7,0.553,3.1,0.653,2.9,1.9,109,8.5,6,23,0.059,82.75,106.5,138,0,3.4,13
3974,2013,2018,1993,2/28/1993,6.2,University of Kentucky,6.2.2020,Marquis Teague,G,189,0.5,0.222,0.1,0.363,0.343,0.9,2.7,0.661,0.4,0.6,91,2.4,2,0.325,0.7,8.8,0.412,3.6,0.714,3,2.1,40,10,5,20,-0.031,79.25,96.5,137,10.65,3.19,29
478,2012,2018,1989,1/26/1989,6.5,Providence College,6.5.2020,MarShon Brooks,G-F,200,1.5,0.355,0.5,0.489,0.451,3.1,7,0.755,1.3,1.8,169,8.2,4.2,0.333,1.4,11.2,0.464,5.2,0.739,3.6,2.6,113,14.4,6,23,0.022,85,101,139.5,10.74,3.09,25
3236,2014,2018,1990,3/5/1990,6.11,Duke University,6.11.2020,Mason Plumlee,C-F,245,0,0,0,0.565,0.565,3.4,5.9,0.565,1.9,3.4,387,8.6,0.1,0.2,0,6.5,0.574,3.7,0.583,4,2.4,141,9.8,4,24,0.176,83,108,144,10.89,3.29,22
970,2014,2018,1990,9/8/1990,6.4,Saint Mary's College of California,6.4.2020,Matthew Dellavedova,G,198,2.6,0.388,1,0.483,0.391,2.1,5.5,0.839,0.7,0.8,328,6,5.6,0.378,2.1,10.5,0.415,4.3,0.86,4,3.4,136,14.2,4,24,0.078,#N/A,#N/A,#N/A,#N/A,#N/A,#N/A
1639,2013,2018,1993,5/11/1993,6.9,St. John's University,6.9.2020,Maurice Harkless,F-G,215,1.9,0.33,0.6,0.525,0.474,2.9,6.1,0.607,0.9,1.5,415,7.3,2.5,0.215,0.5,13.3,0.452,6,0.676,4.3,2.9,32,15.5,5,20,0.059,#N/A,#N/A,#N/A,#N/A,#N/A,#N/A
2392,2013,2018,1992,2/27/1992,7.1,University of Illinois at Urbana-Champaign,7.1.2020,Meyers Leonard,C-F,245,1.8,0.373,0.7,0.542,0.468,2.1,4.5,0.824,0.6,0.7,331,5.5,0.2,0.083,0,5.4,0.567,3,0.729,2.2,1.6,65,7.7,5,21,0.097,87,108,140.5,11.34,3.41,11
651,2014,2018,1991,10/10/1991,6.6,Syracuse University,6.6.2020,Michael Carter-Williams,G,190,1.9,0.25,0.5,0.424,0.402,4.3,10.7,0.707,2.4,3.4,287,11.5,2.1,0.307,0.6,6.8,0.398,2.7,0.679,3.2,2.2,66,8.2,4,23,0.026,79.25,101,142,10.68,3.22,11
2198,2013,2018,1993,9/26/1993,6.7,University of Kentucky,6.7.2020,Michael Kidd-Gilchrist,F,232,0.1,0.194,0,0.478,0.477,3.6,7.5,0.707,1.9,2.8,356,9.2,1.3,0.255,0.3,8.2,0.491,4,0.745,4.8,3.6,40,11.9,5,20,0.051,84,104.5,140,11.77,3.18,2
1431,2012,2012,1986,7/26/1986,6.11,Alabama A&M University,6.11.2020,Mickell Gladness,C,220,0,,0,0.424,0.424,1,2.3,0.5,0.2,0.5,26,2.2,0,0,0,5.8,0.442,2.6,0.667,3.2,2.1,85,7.3,0,26,0.033,#N/A,#N/A,#N/A,#N/A,#N/A,#N/A
2909,2014,2018,1991,7/1/1991,6.11,Bucknell University,6.11.2020,Mike Muscala,F-C,240,1.4,0.38,0.5,0.554,0.491,2.1,4.2,0.847,0.7,0.8,242,5.4,0.5,0.313,0.2,10.8,0.501,5.4,0.819,5.2,4.3,133,15.3,4,23,0.04,85,108,141.5,11.76,3.44,44
3624,2013,2018,1988,7/16/1988,6.8,University of Virginia,6.8.2020,Mike Scott,F,237,2.1,0.353,0.7,0.536,0.476,2.9,6.1,0.768,0.9,1.1,355,7.4,0.3,0.364,0.1,8.6,0.521,4.5,0.775,3.5,2.7,130,11.8,5,25,0.11,82.75,104,136.5,11.59,3.44,43
3237,2013,2018,1988,9/1/1988,6.11,Duke University,6.11.2020,Miles Plumlee,C-F,249,0,,0,0.537,0.537,2.2,4.1,0.541,0.6,1,327,4.9,0,1,0,3.5,0.557,1.9,0.625,1.5,0.9,135,4.8,5,25,-0.015,84.75,105.5,146,10.64,3.36,26
3316,2014,2015,1988,1/5/1988,7.1,,7.1.2000,Miroslav Raduljica,C,250,0,,0,0.53,0.53,1.3,2.5,0.825,0.9,1.1,53,3.6,,,,,,,,,,,,1,26,0.112,#N/A,#N/A,#N/A,#N/A,#N/A,#N/A
3975,2013,2018,1985,9/18/1985,6.9,,6.9.2020,Mirza Teletovic,F,242,4.5,0.371,1.7,0.524,0.406,2.9,7.1,0.755,0.7,1,324,8.1,,,,,,,,,,,,5,28,0.087,#N/A,#N/A,#N/A,#N/A,#N/A,#N/A
2660,2015,2016,1992,6/6/1992,6.1,University of Michigan,6.10.2020,Mitch McGary,F-C,255,0.1,0,0,0.527,0.527,1.9,3.6,0.58,0.6,1,52,4.4,0,0,0,5.9,0.588,3.5,0.513,1.6,0.8,47,7.8,1,23,0.127,#N/A,#N/A,#N/A,#N/A,#N/A,#N/A
1648,2016,2018,1994,1/26/1994,6.8,University of Louisville,6.8.2020,Montrezl Harrell,F-C,240,0.1,0.133,0,0.648,0.647,3.6,5.6,0.624,1.4,2.2,171,8.6,0.4,0.275,0.1,8.1,0.586,4.8,0.533,3.6,1.9,112,11.6,2,22,0.147,88.25,109,0,0,0,32
4032,2012,2012,1988,6/1/1988,6.6,Pepperdine University,6.6.2020,Mychel Thompson,G,211,2.2,0.364,0.8,0.375,0.292,1.4,4.8,,0,0,5,3.6,4.6,0.326,1.5,10.7,0.357,3.8,0.76,2.5,1.9,128,11,0,24,-0.079,#N/A,#N/A,#N/A,#N/A,#N/A,#N/A
4113,2016,2018,1996,3/24/1996,6.11,University of Texas at Austin,6.11.2020,Myles Turner,C-F,243,1.4,0.35,0.5,0.523,0.499,4.9,9.9,0.783,2.4,3.1,205,12.8,1.8,0.274,0.5,7.6,0.455,3.4,0.839,3.3,2.8,34,10.1,2,20,0.114,88,112,0,0,0,11
953,2013,2014,1987,6/23/1987,6.5,,6.5.2020,Nando De Colo,G,200,1.1,0.363,0.4,0.491,0.429,1.4,3.3,0.835,0.6,0.7,119,3.8,,,,,,,,,,,,1,26,0.07,#N/A,#N/A,#N/A,#N/A,#N/A,#N/A
4496,2014,2018,1991,5/15/1991,6.4,South Dakota State University,6.4.2020,Nate Wolters,G,190,0.8,0.261,0.2,0.442,0.423,2.3,5.4,0.635,0.7,1.1,84,5.5,3.6,0.342,1.2,13.5,0.45,6.1,0.803,6.4,5.1,127,18.5,4,23,0.043,75.75,98,0,0,0,38
330,2016,2018,1988,5/9/1988,6.1,,6.10.2020,Nemanja Bjelica,F,240,2.5,0.373,0.9,0.546,0.451,2.3,5,0.752,0.6,0.8,190,6.1,,,,,,,,,,,,2,28,0.149,#N/A,#N/A,#N/A,#N/A,#N/A,#N/A
2946,2014,2014,1991,6/16/1991,6.3,,6.3.2020,Nemanja Nedovic,G,192,0.8,0.167,0.1,0.244,0.205,0.3,1.6,0.875,0.3,0.3,24,1.1,,,,,,,,,,,,0,23,-0.132,#N/A,#N/A,#N/A,#N/A,#N/A,#N/A
2987,2015,2018,1994,4/10/1994,6.11,University of Kentucky,6.11.2020,Nerlens Noel,C-F,228,0,0.25,0,0.512,0.512,3.8,7.4,0.624,1.7,2.7,223,9.3,0,,0,6.9,0.59,4.1,0.529,4.3,2.3,24,10.5,3,21,0.083,87.75,110,0,0,0,6
596,2014,2015,1989,2/7/1989,6.6,University of Florida,6.6.2020,Nick Calathes,G,213,0.8,0.288,0.2,0.468,0.441,1.9,4.3,0.581,0.5,0.9,129,4.6,4.8,0.38,1.8,11.6,0.455,5.3,0.715,5.4,3.9,72,16.3,1,25,0.062,#N/A,#N/A,#N/A,#N/A,#N/A,#N/A
2046,2015,2015,1992,12/22/1992,6.3,University of Arizona,6.3.2020,Nick Johnson,G,202,0.8,0.238,0.2,0.38,0.347,0.9,2.7,0.68,0.6,0.9,28,2.6,3.7,0.359,1.3,9.7,0.421,4.1,0.734,3.9,2.8,108,12.3,0,23,-0.02,79.25,96.5,138,10.8,3.27,42
3858,2015,2018,1993,10/7/1993,6.6,University of Michigan,6.6.2020,Nik Stauskas,G,205,3.5,0.351,1.2,0.487,0.386,2.3,6.1,0.805,1.1,1.3,265,7,5.2,0.441,2.3,9.2,0.467,4.3,0.832,3.9,3.2,75,14.1,3,22,0.021,79.75,102,137.5,10.79,3.27,8
2066,2016,2018,1995,2/19/1995,6.1,,6.10.2020,Nikola Jokic,C-F,250,2.2,0.364,0.8,0.567,0.53,5.7,10.7,0.831,2.7,3.2,226,14.8,,,,,,,,,,,,2,21,0.089,#N/A,#N/A,#N/A,#N/A,#N/A,#N/A
2792,2015,2018,1991,2/11/1991,6.1,,6.10.2020,Nikola Mirotic,F,220,5.1,0.357,1.8,0.515,0.417,3.9,9.3,0.801,2.1,2.7,271,11.7,,,,,,,,,,,,3,24,0.165,#N/A,#N/A,#N/A,#N/A,#N/A,#N/A
4187,2012,2018,1990,10/24/1990,7.1,University of Southern California,7.1.2000,Nikola Vucevic,C,260,0.7,0.309,0.2,0.507,0.499,6.6,13.2,0.729,1.5,2,454,14.8,1.4,0.303,0.4,8.3,0.509,4.2,0.746,2.9,2.2,87,11.1,6,22,0.109,88.5,112.5,137.5,12.02,3.27,16
4180,2015,2018,1995,8/24/1995,6.1,Indiana University,6.10.2020,Noah Vonleh,F,240,0.6,0.297,0.2,0.469,0.444,1.6,3.7,0.664,0.7,1,231,4.1,1.1,0.485,0.5,7.2,0.523,3.8,0.716,4.5,3.2,30,11.3,3,20,0.085,88.25,108,145,11.45,3.28,9
3791,2012,2013,1988,7/25/1988,6.2,Duke University,6.2.2020,Nolan Smith,G,185,0.9,0.26,0.2,0.403,0.371,1.3,3.5,0.714,0.5,0.7,84,3.3,3.2,0.368,1.2,10.4,0.448,4.7,0.8,3.6,2.9,143,13.4,1,24,-0.029,77.5,99,133,11.05,3.17,21
3270,2016,2018,1993,5/25/1993,6.4,"University of California, Los Angeles",6.4.2020,Norman Powell,G,215,2.3,0.328,0.8,0.495,0.43,2.5,5.7,0.801,1,1.3,193,6.7,2.5,0.314,0.8,7.7,0.461,3.6,0.746,2.5,1.8,141,9.8,2,23,-0.287,82.75,102.5,143,10.76,3.2,46
735,2012,2017,1988,10/13/1988,6.2,Cleveland State University,6.2.2020,Norris Cole,G,175,1.8,0.324,0.6,0.449,0.407,2.8,6.9,0.743,0.8,1.1,360,7,3.1,0.321,1,11.1,0.435,4.8,0.826,4.2,3.5,140,14.1,5,24,0,74.25,95.5,134,10.07,3.22,28
2301,2014,2015,1990,5/16/1990,7.1,,7.1.2020,Ognjen Kuzmic,C,251,0,,0,0.52,0.52,0.4,0.7,0.6,0.2,0.4,37,0.9,,,,,,,,,,,,1,24,-0.025,#N/A,#N/A,#N/A,#N/A,#N/A,#N/A
2049,2013,2016,1989,3/11/1989,6.5,"Loyola Marymount University, University of California, Santa Barbara",6.5.2020,Orlando Johnson,G,220,1.5,0.311,0.5,0.43,0.358,1.1,3.2,0.727,0.5,0.6,103,3.2,4.6,0.391,1.8,13,0.457,6,0.72,5.7,4.1,124,17.8,3,24,0.115,83.25,99,138.5,10.98,3.25,36
3255,2014,2018,1993,6/3/1993,6.8,Georgetown University,6.8.2020,Otto Porter,F,198,3.1,0.403,1.2,0.56,0.487,4.1,8.4,0.789,1.1,1.4,342,10.5,2.4,0.355,0.9,9.2,0.498,4.6,0.751,3.8,2.8,64,12.8,4,21,-0.006,85.5,105.5,141.5,11.25,3.4,3
1582,2015,2016,1992,12/24/1992,6.6,University of North Carolina,6.6.2020,P.J. Hairston,G-F,230,3.6,0.295,1.1,0.431,0.343,2.1,6.1,0.81,0.7,0.9,111,6,5.1,0.349,1.8,8,0.388,3.1,0.8,2.5,2,71,10,1,23,0.022,81,101,138,11.12,3.32,26
3288,2013,2016,1977,5/17/1977,6.3,,6.3.2020,Pablo Prigioni,G,185,2,0.379,0.8,0.554,0.425,1.2,2.9,0.872,0.3,0.3,270,3.5,,,,,,,,,,,,3,36,0.123,#N/A,#N/A,#N/A,#N/A,#N/A,#N/A
771,2016,2018,1993,1/6/1993,6.5,University of Notre Dame,6.5.2020,Pat Connaughton,G,206,1.7,0.363,0.6,0.513,0.419,1.4,3.3,0.845,0.3,0.4,153,3.7,5,0.386,1.9,8.2,0.45,3.7,0.777,1.5,1.2,139,10.5,2,23,0.085,80.75,96,140,10.74,3.2,41
308,2013,2018,1988,7/12/1988,6.1,University of Arkansas,6.1.2020,Patrick Beverley,G,185,4.4,0.376,1.7,0.515,0.413,3.4,8.1,0.767,1,1.3,302,9.4,5.2,0.382,2,9.7,0.42,4.1,0.73,3.9,2.8,70,13,5,25,0.148,#N/A,#N/A,#N/A,#N/A,#N/A,#N/A
706,2015,2015,1988,6/3/1988,6.5,University of California,6.5.2020,Patrick Christopher,G-F,209,1,0,0,0.25,0.25,0.8,3,,0,0,4,1.5,3.6,0.342,1.2,10.6,0.45,4.8,0.816,2.4,1.9,134,12.7,0,27,-0.15,#N/A,#N/A,#N/A,#N/A,#N/A,#N/A
110,2014,2015,1982,7/29/1982,6.11,,6.11.2020,Pero Antic,C-F,260,3,0.314,1,0.483,0.392,2,5.2,0.73,1.2,1.7,113,6.3,,,,,,,,,,,,1,32,0.075,#N/A,#N/A,#N/A,#N/A,#N/A,#N/A
2107,2013,2015,1991,9/24/1991,6.11,Baylor University,6.11.2020,Perry Jones,F,235,0.9,0.293,0.3,0.459,0.42,1.4,3.2,0.66,0.4,0.7,143,3.4,0.7,0.279,0.2,10.5,0.522,5.5,0.678,3.8,2.6,63,13.7,2,22,-0.003,85.75,107,145.5,11.31,3.19,28
3730,2014,2014,1990,10/24/1990,6.1,University of Louisville,6.1.2000,Peyton Siva,G,185,1,0.28,0.3,0.377,0.316,0.8,2.4,0.733,0.5,0.6,24,2.3,2.4,0.291,0.7,6.9,0.417,2.9,0.737,2.8,2,144,8.4,0,24,-0.032,75,93,134.5,10.59,3.16,56
3276,2014,2016,1991,2/17/1991,5.11,University of Missouri,5.11.2020,Phil Pressey,G,175,1.3,0.254,0.3,0.388,0.341,1.2,3.4,0.63,0.5,0.8,148,3.2,3.3,0.347,1.2,8.2,0.395,3.2,0.757,2.7,2.1,99,9.7,2,23,0.005,74.25,92,130.5,10.86,3.13,0
14,2013,2018,1990,10/6/1990,6.7,Baylor University,6.7.2020,Quincy Acy,F,240,1.5,0.355,0.5,0.516,0.446,1.8,4,0.761,0.9,1.2,325,5,0.1,0.429,0,6,0.602,3.6,0.708,3.6,2.5,139,9.8,5,23,0.157,86.75,106.5,143.5,10.48,3.28,37
2777,2013,2015,1992,11/18/1992,6.9,Baylor University,6.9.2020,Quincy Miller,F,210,1.6,0.292,0.5,0.404,0.35,1.6,4.4,0.706,0.7,1,69,4.3,1.9,0.348,0.6,8.4,0.447,3.7,0.816,3.1,2.5,37,10.6,2,21,-0.051,85.25,105,141,11.05,3.48,38
1883,2016,2018,1993,10/24/1993,6.5,Georgia State University,6.5.2020,R.J. Hunter,G,185,1.6,0.284,0.4,0.442,0.35,0.8,2.4,0.857,0.1,0.2,43,2.3,7.2,0.354,2.6,13.3,0.423,5.6,0.853,5.3,4.5,99,18.4,2,23,-0.207,82.5,104,137.5,10.97,3.26,28
704,2016,2017,1991,12/1/1991,6.9,Syracuse University,6.9.2020,Rakeem Christmas,F,250,0,,0,0.467,0.467,0.7,1.5,0.724,0.7,1,30,2.1,0,0,0,5.1,0.56,2.9,0.681,2.4,1.6,142,7.4,1,25,#N/A,89.25,110.5,0,11.57,3.47,36
4162,2016,2018,1996,8/16/1996,6.6,"University of Nevada, Las Vegas",6.6.2020,Rashad Vaughn,G,202,1.9,0.313,0.6,0.424,0.337,1.2,3.4,0.692,0.1,0.2,139,3,6.1,0.383,2.3,14.3,0.439,6.3,0.694,4.3,3,23,17.8,2,20,0.024,79,101,135,11.41,3.21,17
2959,2016,2018,1992,5/19/1992,6.1,,6.1.2020,Raul Neto,G,179,1.5,0.389,0.6,0.51,0.439,1.8,4.1,0.768,0.5,0.7,160,4.7,,,,,,,,,,,,2,24,0.052,#N/A,#N/A,#N/A,#N/A,#N/A,#N/A
2612,2014,2016,1991,6/12/1991,6.3,University of Detroit Mercy,6.3.2020,Ray McCallum,G,190,1.4,0.335,0.5,0.447,0.408,2.4,5.9,0.711,0.7,0.9,154,6,3.3,0.29,1,11.5,0.465,5.4,0.723,5.8,4.2,102,15.9,2,23,0.02,75.25,96.5,136.5,10.82,3.25,36
546,2014,2018,1991,3/16/1991,6.7,University of North Carolina,6.7.2020,Reggie Bullock,G-F,205,2.5,0.403,1,0.558,0.448,2.1,4.6,0.798,0.3,0.4,209,5.5,4.9,0.387,1.9,8.2,0.439,3.6,0.72,1.2,0.9,100,9.9,4,23,0.019,80.75,102,138.5,11.33,3.31,25
1943,2012,2018,1990,4/16/1990,6.3,Boston College,6.3.2020,Reggie Jackson,G,208,3,0.321,1,0.474,0.431,4.7,10.9,0.857,2.1,2.4,446,12.4,3.5,0.351,1.2,9.9,0.465,4.6,0.753,3,2.3,99,12.7,6,22,0.011,#N/A,#N/A,#N/A,#N/A,#N/A,#N/A
1815,2016,2018,1993,10/15/1993,6.1,Bowling Green State University,6.10.2020,Richaun Holmes,F-C,245,1,0.257,0.3,0.566,0.544,3,5.6,0.689,1,1.5,154,7.3,0.9,0.353,0.3,7.7,0.554,4.2,0.697,3.8,2.7,95,11.5,2,23,0.1,85.5,108,144,11.37,3.32,37
2365,2014,2015,1992,9/10/1992,6.7,,6.7.2020,Ricky Ledo,G,195,1.3,0.371,0.5,0.394,0.336,1.4,4,0.769,0.7,0.9,28,3.9,,,,,,,,,,,,1,22,0.024,79.25,102.5,136,10.72,3.32,43
3519,2012,2018,1990,10/21/1990,6.4,,6.4.2020,Ricky Rubio,G,194,2.4,0.325,0.8,0.428,0.384,3.4,9,0.835,3.2,3.8,428,10.8,,,,,,,,,,,,6,22,0.07,#N/A,#N/A,#N/A,#N/A,#N/A,#N/A
1871,2014,2015,1989,3/8/1989,6.8,Purdue University,6.8.2020,Robbie Hummel,F,215,1.4,0.343,0.5,0.487,0.418,1.5,3.6,0.867,0.4,0.5,98,3.9,4.4,0.389,1.7,10.4,0.443,4.6,0.841,3.7,3.1,127,14,1,25,0.084,80.5,102,132,11.56,3.41,58
816,2014,2018,1990,12/14/1990,6.9,Tennessee State University,6.9.2020,Robert Covington,F,215,6.5,0.359,2.3,0.511,0.399,4.2,10.5,0.821,2,2.4,289,12.7,3.7,0.422,1.5,11.1,0.476,5.3,0.802,3.4,2.7,118,14.8,4,24,0.122,85.75,106,142,11.69,3.34,0
3547,2013,2016,1989,6/6/1989,7.1,Gonzaga University,7.1.2000,Robert Sacre,C,270,0,0,0,0.436,0.436,1.7,3.9,0.671,0.8,1.2,189,4.2,0,0.25,0,6,0.504,3,0.735,4.5,3.3,136,9.3,3,24,-0.024,#N/A,#N/A,#N/A,#N/A,#N/A,#N/A
1825,2015,2018,1992,10/20/1992,6.8,"Mississippi State University, Duke University",6.8.2020,Rodney Hood,G-F,206,5.1,0.369,1.9,0.503,0.419,4.7,11.1,0.828,1.8,2.1,248,13,4.4,0.396,1.8,10.4,0.455,4.7,0.773,2.6,2,67,13.3,3,23,0.098,80.5,103,139,11.21,3.38,23
1813,2016,2018,1995,1/3/1995,6.7,University of Arizona,6.7.2020,Rondae Hollis-Jefferson,F,220,0.8,0.239,0.2,0.469,0.458,3.7,8.1,0.767,2.8,3.6,173,10.3,0.5,0.205,0.1,6.9,0.496,3.4,0.697,4.7,3.3,76,10.2,2,21,0.066,86,104,142,10.51,3.12,23
4337,2014,2014,1991,4/10/1991,6.8,Iowa State University,6.8.2020,Royce White,F,270,0,,0,0,0,0,0.3,,0,0,3,0,0.4,0.333,0.1,9.6,0.534,5.1,0.498,6,3,34,13.4,0,23,-0.121,84,104.5,0,0,0,16
1441,2014,2018,1992,6/26/1992,7.1,,7.1.2020,Rudy Gobert,C,245,0,0,0,0.614,0.614,3.6,5.9,0.628,2.7,4.3,323,10,,,,,,,,,,,,4,22,0.045,92.5,115,144,12.85,3.57,27
3798,2015,2016,1991,4/19/1991,6.1,University of Louisville,6.1.2000,Russ Smith,G,165,0.6,0.188,0.1,0.351,0.319,0.6,1.7,0.769,0.7,1,27,2,3.9,0.345,1.4,11.3,0.413,4.7,0.76,4.8,3.7,133,14.3,1,24,0.214,75.5,95,129,11.57,3.27,47
2171,2014,2017,1991,4/9/1991,6.11,Duke University,6.11.2020,Ryan Kelly,F,230,2,0.316,0.6,0.438,0.378,2,5.3,0.797,1.4,1.8,163,6,2.1,0.379,0.8,5.4,0.46,2.5,0.805,2.2,1.7,126,7.5,3,23,0.081,83.5,110,0,0,0,48
3375,2012,2012,1986,10/30/1986,6.8,Florida State University,6.8.2020,Ryan Reid,F,232,0,,0,0.8,0.8,0.8,1,,0,0,5,1.6,,,,,,,,,,,,0,26,0.142,#N/A,#N/A,#N/A,#N/A,#N/A,#N/A
2726,2016,2018,1986,6/15/1986,7.1,,7.1.2020,Salah Mejri,C,245,0,0.143,0,0.641,0.639,1.3,2.1,0.584,0.6,1,168,3.3,,,,,,,,,,,,2,30,0.107,#N/A,#N/A,#N/A,#N/A,#N/A,#N/A
964,2016,2018,1994,5/6/1994,6.9,University of Wisconsin,6.9.2020,Sam Dekker,F,230,1.6,0.283,0.5,0.529,0.477,2.1,4.5,0.612,0.5,0.8,151,5.2,3.6,0.348,1.3,9,0.493,4.4,0.695,2.8,2,113,12.1,2,22,0.095,83.5,106,140.5,10.71,3.28,18
2157,2016,2016,1985,5/8/1985,6.11,University of Kansas,6.11.2020,Sasha Kaun,C,260,0,,0,0.529,0.529,0.4,0.7,0.455,0.2,0.4,25,0.9,0,,0,4.3,0.568,2.5,0.512,2.4,1.2,135,6.1,0,31,0.135,#N/A,#N/A,#N/A,#N/A,#N/A,#N/A
2493,2013,2013,1990,6/8/1990,6.1,Iona College,6.1.2020,Scott Machado,G,205,0.2,0,0,0.5,0.5,0.5,1,1,0.3,0.3,6,1.3,2.7,0.342,0.9,9.3,0.429,4,0.74,4.4,3.3,132,12.2,0,23,-0.23,76,94.5,127,11.26,3.3,0
1832,2014,2018,1989,8/8/1989,6.7,University of Tennessee,6.7.2020,Scotty Hopson,G,204,0.7,0,0,0,0,0,1.7,0.5,0.7,1.3,3,0.7,4.1,0.354,1.5,10.4,0.444,4.6,0.671,3,2,103,12.7,4,25,-0.412,82.5,103.5,139.5,10.47,3.18,0
2203,2015,2018,1990,1/6/1990,6.4,University of Cincinnati,6.4.2020,Sean Kilpatrick,G,210,3.7,0.333,1.2,0.485,0.412,3.4,8.4,0.865,2.1,2.4,155,10.2,6.4,0.347,2.2,12.1,0.419,5.1,0.78,3.8,3,140,15.3,3,25,0.033,79,99,0,0,0,0
2150,2014,2016,1993,10/26/1993,6.7,,6.7.2020,Sergey Karasev,G-F,208,1.2,0.282,0.3,0.459,0.395,1,2.6,0.842,0.7,0.8,95,3,,,,,,,,,,,,2,21,-0.041,#N/A,#N/A,#N/A,#N/A,#N/A,#N/A
868,2014,2017,1990,8/23/1990,6.2,"Liberty University, Duke University",6.2.2020,Seth Curry,G,185,3.7,0.432,1.6,0.573,0.473,3.7,7.9,0.844,1.1,1.3,118,10.2,5.9,0.394,2.3,11.2,0.431,4.8,0.827,3.5,2.9,141,14.9,3,24,0.187,76,97.5,0,0,0,0
2878,2014,2018,1992,11/13/1992,6.6,"University of California, Los Angeles",6.6.2020,Shabazz Muhammad,F-G,223,1.4,0.318,0.4,0.504,0.473,3.4,7.1,0.748,1.8,2.4,277,9,3.3,0.377,1.3,14.3,0.443,6.3,0.711,5.6,4,32,17.9,4,22,0.053,83,104.5,141.5,10.99,3.32,14
2929,2015,2018,1991,7/14/1991,6.1,University of Connecticut,6.1.2020,Shabazz Napier,G,175,2.3,0.363,0.8,0.481,0.396,1.9,4.9,0.801,1,1.2,231,5.7,4.8,0.375,1.8,10.1,0.411,4.2,0.813,4.4,3.6,143,13.7,3,24,0.024,75.25,93,130.5,11.6,3.2,24
1129,2014,2014,1987,5/31/1987,6.7,University of Arkansas at Little Rock,6.7.2020,Shane Edwards,F,220,0,,0,0.333,0.333,0.5,1.5,,0,0,2,1,1.5,0.298,0.5,6.9,0.472,3.2,0.642,3.2,2.1,62,9,0,27,-0.141,#N/A,#N/A,#N/A,#N/A,#N/A,#N/A
2338,2014,2018,1992,10/2/1992,5.11,University of Miami,5.11.2020,Shane Larkin,G,175,1.4,0.335,0.5,0.468,0.423,2.1,5,0.777,0.8,1,254,5.5,4,0.375,1.5,8.6,0.438,3.8,0.808,2.7,2.2,68,11.2,4,22,-0.01,70.75,89.5,133.5,10.64,3.08,18
4349,2015,2016,1991,3/27/1991,6.11,Western Michigan University,6.11.2020,Shayne Whittington,F-C,250,0.3,0.125,0,0.462,0.453,0.9,2,0.76,0.7,0.9,27,2.5,0.4,0.167,0.1,7.1,0.515,3.6,0.76,3.2,2.4,114,9.8,1,24,0.2,#N/A,#N/A,#N/A,#N/A,#N/A,#N/A
2497,2012,2018,1990,4/22/1990,6.3,Butler University,6.3.2020,Shelvin Mack,G,203,2,0.327,0.6,0.482,0.428,2.5,5.9,0.74,0.8,1,397,6.4,5.6,0.357,2,11.4,0.419,4.8,0.755,3.4,2.6,108,14.1,6,22,0.042,79.5,96.5,135.5,11.23,3.18,34
309,2015,2015,1992,12/2/1992,7.5,New Mexico State University,7.5.2020,Sim Bhullar,C,360,0,,0,0.5,0.5,0.3,0.7,,0,0,3,0.7,0,,0,6.4,0.633,4.1,0.496,4.2,2.1,65,10.2,0,23,0.389,#N/A,#N/A,#N/A,#N/A,#N/A,#N/A
1781,2014,2018,1991,3/18/1991,6.7,University of Arizona,6.7.2020,Solomon Hill,F,225,2.3,0.331,0.8,0.467,0.397,2.1,5.4,0.818,1.2,1.4,259,6.2,2.2,0.375,0.8,7.3,0.481,3.5,0.745,3.3,2.5,139,10.3,4,23,0.08,81,103,140.5,10.77,3.19,23
1014,2015,2018,1993,4/6/1993,6.6,University of Colorado,6.6.2020,Spencer Dinwiddie,G,200,3.3,0.315,1,0.457,0.387,2.8,7.3,0.797,2.1,2.7,184,8.8,3.5,0.386,1.3,8,0.42,3.4,0.83,5.9,4.9,86,13,3,22,0.009,80.25,103,0,0,0,38
2054,2016,2018,1996,5/29/1996,6.7,University of Arizona,6.7.2020,Stanley Johnson,F,245,2.7,0.294,0.8,0.427,0.37,2.6,6.9,0.762,1,1.4,217,7,3.1,0.371,1.1,10.3,0.446,4.6,0.742,4.7,3.5,38,13.8,2,20,0.054,83.5,102,0,0,0,8
21,2014,2018,1993,7/20/1993,7.1,University of Pittsburgh,7.1.2000,Steven Adams,C,255,0,0,0,0.585,0.585,3.6,6.1,0.566,1.6,2.8,385,8.7,0,,0,5.5,0.571,3.1,0.443,2.2,1,32,7.2,4,21,0.114,88.5,109.5,142.5,11.85,3.4,12
2634,2016,2018,1992,3/25/1992,6.2,"Duquesne University, University of Arizona",6.2.2020,T.J. McConnell,G,200,0.9,0.328,0.3,0.499,0.475,2.8,5.9,0.765,0.6,0.7,236,6.4,2.6,0.38,1,8.1,0.49,4,0.749,1.7,1.3,139,10.2,2,24,0.053,74,96.5,128,10.84,3.3,0
4247,2015,2018,1993,9/5/1993,6.8,North Carolina State University,6.8.2020,T.J. Warren,F,230,1.3,0.283,0.4,0.516,0.5,5.8,11.6,0.754,1.7,2.3,218,13.7,2,0.315,0.6,13.6,0.555,7.5,0.654,4.3,2.8,70,18.5,3,22,0.085,82.25,104,139.5,11.1,3.26,14
334,2015,2018,1991,11/22/1991,6.9,"University of Memphis, University of Kansas",6.9.2020,Tarik Black,C-F,250,0.1,0.083,0,0.551,0.551,2,3.6,0.584,0.9,1.5,218,4.9,0,0,0,5.3,0.614,3.3,0.555,3.3,1.8,135,8.4,3,24,0.129,#N/A,#N/A,#N/A,#N/A,#N/A,#N/A
1667,2012,2013,1987,8/10/1987,6.5,Oklahoma State University,6.5.2020,Terrel Harris,G,190,1.1,0.17,0.2,0.336,0.3,0.8,2.6,0.677,0.5,0.7,42,2.3,3.1,0.366,1.1,7.5,0.44,3.3,0.815,2.6,2.1,134,9.8,1,25,0.011,#N/A,#N/A,#N/A,#N/A,#N/A,#N/A
2115,2013,2017,1992,1/9/1992,6.9,University of Kentucky,6.9.2020,Terrence Jones,F,252,1.3,0.299,0.4,0.525,0.501,4.2,8.5,0.622,1.6,2.6,232,10.5,1.7,0.328,0.6,10.8,0.467,5,0.638,5.3,3.4,76,14,4,21,0.128,86.25,107,141.5,11.57,3.4,18
3501,2013,2018,1991,2/5/1991,6.7,University of Washington,6.7.2020,Terrence Ross,F-G,206,4.4,0.371,1.6,0.517,0.422,3.6,8.6,0.797,0.7,0.9,410,9.6,4.6,0.364,1.7,10.1,0.453,4.6,0.764,1.8,1.4,69,12.3,5,22,0.034,79.25,100.5,138,11.78,3.28,8
3518,2016,2018,1994,3/17/1994,6.2,University of Louisville,6.2.2020,Terry Rozier,G,190,3.1,0.358,1.1,0.461,0.379,2.6,6.8,0.774,0.9,1.2,192,7.2,3.5,0.331,1.2,10.3,0.408,4.2,0.772,3.1,2.4,73,12,2,22,-0.25,80.25,98.5,136.5,10.88,3.15,16
106,2016,2016,1992,7/17/1992,6.7,,6.7.2020,Thanasis Antetokounmpo,F,205,0.5,0,0,0.75,0.75,1.5,2,,0,0,2,3,,,,,,,,,,,,0,24,#N/A,84,104.5,144,11.39,3.18,51
3462,2013,2017,1991,3/17/1991,6.1,University of Kansas,6.10.2020,Thomas Robinson,F,237,0,0,0,0.47,0.47,2,4.3,0.505,0.8,1.6,313,4.9,0.1,0.5,0.1,7.2,0.525,3.8,0.606,3.6,2.2,105,9.8,4,22,-0.01,87.25,106,141.5,11.96,3.17,5
3234,2016,2016,1989,11/2/1989,7.3,,7.3.2020,Tibor Pleiss,C,256,0.2,0,0,0.44,0.44,0.9,2.1,1,0.2,0.2,12,2,,,,,,,,,,,,0,27,0.431,#N/A,#N/A,#N/A,#N/A,#N/A,#N/A
1312,2015,2018,1990,11/1/1990,6.1,Pennsylvania State University,6.1.2020,Tim Frazier,G,170,1.4,0.313,0.4,0.448,0.403,1.9,4.7,0.724,1,1.4,184,5.2,1.8,0.31,0.5,9,0.418,3.8,0.774,4.3,3.4,135,11.4,3,25,-0.071,#N/A,#N/A,#N/A,#N/A,#N/A,#N/A
1630,2014,2018,1992,3/16/1992,6.6,University of Michigan,6.6.2020,Tim Hardaway,G,205,5,0.344,1.7,0.509,0.425,4.3,10.2,0.806,1.7,2.2,338,12.1,5.5,0.343,1.9,11.6,0.425,4.9,0.724,3.6,2.6,107,14.3,4,22,0.06,#N/A,#N/A,#N/A,#N/A,#N/A,#N/A
3048,2013,2013,1988,8/30/1988,6.11,,6.11.2020,Tim Ohlbrecht,C,255,0,,0,0.333,0.333,0.3,1,1,0.3,0.3,3,1,,,,,,,,,,,,0,25,-0.369,#N/A,#N/A,#N/A,#N/A,#N/A,#N/A
1668,2012,2018,1992,7/15/1992,6.9,University of Tennessee,6.9.2020,Tobias Harris,F,235,3.2,0.356,1.1,0.515,0.467,5.5,11.9,0.811,2.4,2.9,462,14.6,2.2,0.303,0.7,11.8,0.46,5.4,0.753,5,3.8,34,15.3,6,20,0.087,83,103.5,141,10.96,3.17,19
2802,2014,2014,1992,4/7/1992,6.8,University of North Texas,6.8.2020,Tony Mitchell,F,235,0,1,0,0.458,0.417,0.2,0.6,0.579,0.5,0.9,21,1,2.6,0.34,0.9,9.6,0.49,4.7,0.702,4.9,3.5,55,13.7,0,22,0.151,86.5,106.5,144.5,11.82,3.52,37
2801,2014,2014,1989,8/7/1989,6.6,University of Alabama,6.6.2020,Tony Mitchell,F,216,0.3,0,0,0.6,0.6,1,1.7,,0,0,3,2,2.6,0.301,0.8,10.4,0.493,5.1,0.63,2.6,1.6,89,12.7,0,25,0.151,86.5,106.5,144.5,11.82,3.52,37
3811,2014,2018,1991,11/10/1991,6.7,University of New Mexico,6.7.2020,Tony Snell,G-F,200,3.1,0.38,1.2,0.529,0.42,2.3,5.5,0.811,0.5,0.6,366,6.3,4.2,0.38,1.6,7.1,0.421,3,0.821,1.9,1.6,104,9.2,4,23,0.063,83.5,105.5,142,10.36,3.25,20
4535,2013,2016,1993,4/13/1993,6.6,University of Washington,6.6.2020,Tony Wroten,G,205,2.5,0.231,0.6,0.443,0.413,4,9.6,0.647,2.6,3.9,145,11.1,1.6,0.161,0.3,12.8,0.443,5.7,0.583,7.5,4.4,35,16,3,20,0.017,81,101,136.5,10.75,3.24,25
3675,2013,2014,1991,10/5/1991,6.9,,6.9.2020,Tornike Shengelia,F,217,0.2,0.125,0,0.461,0.451,0.5,1.1,0.5,0.3,0.5,45,1.3,,,,,,,,,,,,1,22,-0.017,#N/A,#N/A,#N/A,#N/A,#N/A,#N/A
2908,2014,2015,1989,11/8/1989,6.5,Wichita State University,6.5.2020,Toure' Murry,G-F,195,0.2,0.417,0.1,0.451,0.433,1,2.4,0.61,0.4,0.7,56,2.6,3.1,0.311,1,9.2,0.405,3.7,0.763,3.5,2.6,139,11.1,1,25,0.002,#N/A,#N/A,#N/A,#N/A,#N/A,#N/A
2395,2012,2012,1990,3/29/1990,6.4,University of Georgia,6.4.2020,Travis Leslie,G,205,0,,0,0.357,0.357,0.5,1.4,0.444,0.4,0.9,10,1.4,0.6,0.333,0.2,9.6,0.482,4.6,0.743,3.7,2.7,90,12.2,0,22,0.06,82.5,103,143.5,11,3.13,47
4274,2015,2018,1990,9/21/1990,6.1,"University of North Carolina, University of California, Los Angeles",6.10.2020,Travis Wear,F,230,1.1,0.37,0.4,0.441,0.392,1.6,4.1,0.824,0.4,0.5,66,4.1,0.4,0.4,0.2,6.6,0.504,3.3,0.798,1.8,1.4,128,8.2,3,25,-0.02,#N/A,#N/A,#N/A,#N/A,#N/A,#N/A
554,2014,2018,1992,11/12/1992,6.1,University of Michigan,6.1.2020,Trey Burke,G,191,3.8,0.339,1.3,0.465,0.403,4.2,10.5,0.791,1.1,1.4,301,10.8,5,0.367,1.8,13.3,0.45,6,0.777,4,3.1,73,16.9,4,22,0.02,77.5,97.5,134,11.2,3.16,9
2482,2016,2018,1995,11/5/1995,6.1,University of Kentucky,6.10.2020,Trey Lyles,F,234,2.5,0.358,0.9,0.504,0.435,2.8,6.4,0.703,1,1.4,223,7.4,0.8,0.138,0.1,6.7,0.488,3.3,0.735,2.8,2.1,36,8.7,2,21,-0.107,85.5,108,0,0,0,12
4016,2012,2012,1990,5/20/1990,6.1,University of Georgia,6.10.2020,Trey Thompkins,F,245,0.5,0.308,0.2,0.426,0.393,1,2.5,0.714,0.2,0.3,24,2.4,2.5,0.357,0.9,12.8,0.469,6,0.729,3.8,2.8,89,15.7,0,22,0.004,85,107.5,138,11.72,3.41,37
4035,2012,2018,1991,3/13/1991,6.9,University of Texas at Austin,6.9.2020,Tristan Thompson,F-C,238,0,0,0,0.518,0.518,3.6,6.9,0.608,1.9,3.1,517,9,0,,0,8.8,0.546,4.8,0.487,7.3,3.5,36,13.1,6,21,0.038,85.25,108.5,143.5,10.92,3.26,4
885,2014,2018,1991,7/15/1991,6.4,Virginia Commonwealth University,6.4.2020,Troy Daniels,G,205,4.5,0.404,1.8,0.55,0.401,2.4,6,0.821,0.5,0.6,241,7.1,5.2,0.386,2,6.1,0.389,2.4,0.782,0.7,0.5,125,7.3,4,23,0.15,#N/A,#N/A,#N/A,#N/A,#N/A,#N/A
1173,2015,2018,1994,8/24/1994,6.3,Syracuse University,6.3.2020,Tyler Ennis,G,194,1.1,0.32,0.4,0.463,0.418,1.7,4.1,0.763,0.4,0.5,184,4.1,2.5,0.353,0.9,10.6,0.411,4.4,0.765,4.4,3.4,34,12.9,3,21,-0.046,79.25,98,134,11.12,3.3,18
1823,2012,2013,1990,7/15/1990,6.8,"University of California, Los Angeles",6.8.2020,Tyler Honeycutt,F,188,0.2,0.2,0,0.329,0.314,0.5,1.5,0.714,0.2,0.3,24,1.2,3.1,0.359,1.1,8.4,0.431,3.6,0.684,2.9,2,59,10.3,1,22,0.013,81,105,142,11.68,3.07,35
2059,2015,2018,1992,5/7/1992,6.4,"California State University, Fresno",6.4.2020,Tyler Johnson,G,186,3.2,0.371,1.2,0.505,0.439,4,9.1,0.776,1.8,2.3,211,11,2.5,0.372,0.9,8.4,0.456,3.8,0.716,2.7,1.9,128,10.5,3,23,0.06,#N/A,#N/A,#N/A,#N/A,#N/A,#N/A
4563,2013,2018,1990,1/17/1990,7.1,University of North Carolina,7.1.2000,Tyler Zeller,F-C,253,0.1,0.294,0,0.51,0.508,2.8,5.6,0.763,1.3,1.7,404,7,0,0,0,8.6,0.543,4.7,0.775,4.5,3.5,117,12.8,5,23,0.048,84,104.5,138.5,11.13,3.4,17
3970,2013,2014,1990,4/12/1990,6.3,University of Kansas,6.3.2020,Tyshawn Taylor,G,185,0.4,0.36,0.1,0.379,0.354,1,2.9,0.684,0.6,0.9,61,2.9,2.2,0.37,0.8,7.9,0.477,3.8,0.708,3.5,2.5,146,10.8,1,23,-0.077,78.25,97.5,134,11.48,3.2,41
2116,2016,2018,1996,5/10/1996,6.2,Duke University,6.2.2020,Tyus Jones,G,195,1.4,0.339,0.5,0.486,0.422,1.6,3.7,0.81,0.7,0.9,177,4.4,3.2,0.379,1.2,8.3,0.417,3.5,0.889,4.2,3.7,39,11.8,2,20,#N/A,77,97,129.5,11.89,3.32,24
356,2014,2018,1992,7/17/1992,6.4,Marquette University,6.4.2020,Vander Blue,G,200,1.3,0.154,0.2,0.333,0.308,1.2,3.9,0.333,0.4,1.2,10,3,1.8,0.277,0.5,7.7,0.429,3.3,0.704,3,2.1,106,9.3,4,22,-0.214,78,100.5,138,10.4,3.14,0
2500,2012,2012,1986,9/20/1986,6.1,"Georgetown University, University of Florida",6.10.2020,Vernon Macklin,F,227,0,,0,0.543,0.543,0.8,1.5,0.571,0.3,0.6,23,2,0,0,0,5.3,0.61,3.2,0.455,1.9,0.8,136,7.3,0,26,0.161,#N/A,#N/A,#N/A,#N/A,#N/A,#N/A
2280,2013,2014,1987,8/25/1987,7.1,,7.1.2000,Viacheslav Kravtsov,C,260,0,,0,0.672,0.672,0.9,1.4,0.333,0.3,1,45,2.2,,,,,,,,,,,,1,26,0.086,#N/A,#N/A,#N/A,#N/A,#N/A,#N/A
718,2013,2015,1988,8/30/1988,6.9,,6.9.2020,Victor Claver,F,224,1.5,0.293,0.4,0.466,0.398,1.3,3.1,0.585,0.3,0.5,80,3.2,,,,,,,,,,,,2,25,-0.005,#N/A,#N/A,#N/A,#N/A,#N/A,#N/A
3053,2014,2018,1992,5/4/1992,6.4,Indiana University,6.4.2020,Victor Oladipo,G,210,4.2,0.353,1.5,0.496,0.445,6.4,14.4,0.8,3.1,3.8,366,17.4,1.4,0.338,0.5,7.3,0.538,3.9,0.716,3.5,2.5,104,10.7,4,22,0.026,81.25,100.5,142.5,10.69,3.25,2
1210,2014,2014,1988,5/5/1988,6.11,,6.11.2020,Vitor Faverani,C,260,1.1,0.3,0.3,0.476,0.435,1.7,4,0.649,0.6,1,37,4.4,,,,,,,,,,,,0,26,0.031,#N/A,#N/A,#N/A,#N/A,#N/A,#N/A
3544,2012,2012,1982,10/6/1982,6.1,Jacksonville State University,6.1.2000,Walker Russell,G,170,0.5,0.308,0.1,0.368,0.347,1.2,3.4,0.636,0.5,0.8,28,3,2.6,0.376,1,9.7,0.444,4.3,0.842,4.9,4.2,86,13.7,0,30,-0.054,#N/A,#N/A,#N/A,#N/A,#N/A,#N/A
225,2013,2018,1991,1/6/1991,6.6,University of Memphis,6.6.2020,Will Barton,G,175,2.9,0.339,1,0.491,0.434,3.8,8.8,0.791,1.7,2.2,393,10.4,3.6,0.299,1.1,12,0.471,5.7,0.733,3.7,2.7,70,15.2,5,22,-0.028,81.75,102.5,136.5,12.5,3.6,40
690,2015,2015,1991,2/8/1991,6.1,University of Montana,6.1.2000,Will Cherry,G,185,1.1,0.222,0.3,0.316,0.263,0.6,2.4,0.5,0.4,0.8,8,1.9,3.1,0.285,0.9,9.8,0.43,4.2,0.718,4.9,3.5,116,12.8,0,24,-0.021,#N/A,#N/A,#N/A,#N/A,#N/A,#N/A
664,2016,2018,1993,8/18/1993,7.1,University of Kentucky,7.1.2000,Willie Cauley-Stein,F-C,240,0.1,0.188,0,0.523,0.522,3.8,7.4,0.64,1.5,2.4,212,9.2,0,,0,5.6,0.593,3.3,0.508,2.8,1.4,105,8,2,23,0.153,87,111,0,0,0,6
3364,2016,2018,1990,5/16/1990,6.1,Saint Louis University,6.10.2020,Willie Reed,F-C,220,0,0.333,0,0.594,0.592,2.1,3.5,0.561,0.7,1.3,152,4.9,0,,0,7.1,0.574,4.1,0.5,4.1,2,67,10.2,2,26,#N/A,#N/A,#N/A,#N/A,#N/A,#N/A,#N/A
2885,2016,2018,1992,6/1/1992,6.2,University of Rhode Island,6.2.2020,Xavier Munford,G,180,1.3,0.36,0.5,0.452,0.398,1.7,4.2,0.5,0.4,0.8,20,4.2,6.4,0.335,2.1,14.5,0.398,5.8,0.71,4.9,3.5,61,17.1,2,24,#N/A,#N/A,#N/A,#N/A,#N/A,#N/A,#N/A
3700,2012,2018,1988,1/22/1988,6.5,"University of Colorado, Northern Illinois University",6.5.2020,Xavier Silas,G,205,2,0.125,0.3,0.25,0.222,1,4.5,0.667,0.5,0.8,4,2.8,4.7,0.361,1.7,12,0.412,5,0.787,5.7,4.5,99,16.1,6,24,-0.131,#N/A,#N/A,#N/A,#N/A,#N/A,#N/A
2350,2015,2018,1995,3/10/1995,6.5,"University of California, Los Angeles",6.5.2020,Zach LaVine,G,189,4,0.373,1.5,0.501,0.437,5.1,11.7,0.82,2.2,2.7,230,14,3.5,0.375,1.3,7.8,0.441,3.4,0.691,1.8,1.3,37,9.4,3,20,-0.018,80.25,100,141.5,10.42,3.19,13
1053,2015,2015,1989,6/22/1989,6.5,,6.5.2020,Zoran Dragic,G-F,200,0.9,0.214,0.2,0.417,0.367,0.7,1.9,0.6,0.2,0.3,16,1.8,,,,,,,,,,,,0,26,-0.035,#N/A,#N/A,#N/A,#N/A,#N/A,#N/A
